#
# There is insufficient memory for the Java Runtime Environment to continue.
# Native memory allocation (mmap) failed to map 175112192 bytes. Error detail: G1 virtual space
# Possible reasons:
#   The system is out of physical RAM or swap space
#   This process is running with CompressedOops enabled, and the Java Heap may be blocking the growth of the native heap
# Possible solutions:
#   Reduce memory load on the system
#   Increase physical memory or swap space
#   Check if swap backing store is full
#   Decrease Java heap size (-Xmx/-Xms)
#   Decrease number of Java threads
#   Decrease Java thread stack sizes (-Xss)
#   Set larger code cache with -XX:ReservedCodeCacheSize=
#   JVM is running with Unscaled Compressed Oops mode in which the Java heap is
#     placed in the first 4GB address space. The Java Heap base address is the
#     maximum limit for the native heap growth. Please use -XX:HeapBaseMinAddress
#     to set the Java Heap base and to place the Java Heap above 4GB virtual address.
# This output file may be truncated or incomplete.
#
#  Out of Memory Error (os_windows.cpp:3815), pid=18064, tid=12272
#
# JRE version: OpenJDK Runtime Environment (21.0.3) (build 21.0.3+-12282718-b509.11)
# Java VM: OpenJDK 64-Bit Server VM (21.0.3+-12282718-b509.11, mixed mode, tiered, compressed oops, compressed class ptrs, g1 gc, windows-amd64)
# No core dump will be written. Minidumps are not enabled by default on client versions of Windows
#

---------------  S U M M A R Y ------------

Command Line: --add-opens=java.base/java.util=ALL-UNNAMED --add-opens=java.base/java.lang=ALL-UNNAMED --add-opens=java.base/java.lang.invoke=ALL-UNNAMED --add-opens=java.prefs/java.util.prefs=ALL-UNNAMED --add-exports=jdk.compiler/com.sun.tools.javac.api=ALL-UNNAMED --add-exports=jdk.compiler/com.sun.tools.javac.util=ALL-UNNAMED --add-opens=java.base/java.nio.charset=ALL-UNNAMED --add-opens=java.base/java.net=ALL-UNNAMED --add-opens=java.base/java.util.concurrent.atomic=ALL-UNNAMED -Xmx2048m -Dfile.encoding=UTF-8 -Duser.country=US -Duser.language=en -Duser.variant -javaagent:C:\Users\Batuhan\.gradle\wrapper\dists\gradle-8.9-bin\90cnw93cvbtalezasaz0blq0a\gradle-8.9\lib\agents\gradle-instrumentation-agent-8.9.jar org.gradle.launcher.daemon.bootstrap.GradleDaemon 8.9

Host: AMD Ryzen 3 1200 Quad-Core Processor           , 4 cores, 15G,  Windows 11 , 64 bit Build 22621 (10.0.22621.4391)
Time: Wed Jan 15 02:47:00 2025 Turkey Standard Time elapsed time: 39.367883 seconds (0d 0h 0m 39s)

---------------  T H R E A D  ---------------

Current thread (0x000001f6cea2e630):  VMThread "VM Thread"          [id=12272, stack(0x00000075da400000,0x00000075da500000) (1024K)]

Stack: [0x00000075da400000,0x00000075da500000]
Native frames: (J=compiled Java code, j=interpreted, Vv=VM code, C=native code)
V  [jvm.dll+0x6cafb9]
V  [jvm.dll+0x858523]
V  [jvm.dll+0x85aa7e]
V  [jvm.dll+0x85b163]
V  [jvm.dll+0x27d356]
V  [jvm.dll+0x6c7865]
V  [jvm.dll+0x6bbd3a]
V  [jvm.dll+0x35199b]
V  [jvm.dll+0x3595d6]
V  [jvm.dll+0x3aa826]
V  [jvm.dll+0x3aaaf8]
V  [jvm.dll+0x3240bc]
V  [jvm.dll+0x324147]
V  [jvm.dll+0x36a00c]
V  [jvm.dll+0x36879e]
V  [jvm.dll+0x3237c1]
V  [jvm.dll+0x367eb0]
V  [jvm.dll+0x860ac8]
V  [jvm.dll+0x861bc4]
V  [jvm.dll+0x862100]
V  [jvm.dll+0x862393]
V  [jvm.dll+0x800d78]
V  [jvm.dll+0x6c98cd]
C  [ucrtbase.dll+0x29333]
C  [KERNEL32.DLL+0x1259d]
C  [ntdll.dll+0x5af38]

VM_Operation (0x00000075deefa450): G1CollectForAllocation, mode: safepoint, requested by thread 0x000001f6d9c00f20


---------------  P R O C E S S  ---------------

Threads class SMR info:
_java_thread_list=0x000001f6d611f830, length=75, elements={
0x000001f6b5c268f0, 0x000001f6cec212f0, 0x000001f6cec22260, 0x000001f6cec26740,
0x000001f6cec31be0, 0x000001f6cec40fe0, 0x000001f6cec41a40, 0x000001f6cec424a0,
0x000001f6cec46f50, 0x000001f6ceca8fd0, 0x000001f6cef4fa30, 0x000001f6d4a0ec60,
0x000001f6d4be9d60, 0x000001f6d4bad680, 0x000001f6d4cbb880, 0x000001f6d4cd4b50,
0x000001f6d4c59a00, 0x000001f6d4c57930, 0x000001f6d4c572a0, 0x000001f6d58646a0,
0x000001f6d5860500, 0x000001f6d585f7e0, 0x000001f6d9bfdaa0, 0x000001f6d7807d80,
0x000001f6d780ab70, 0x000001f6d7808410, 0x000001f6d780bf20, 0x000001f6d780c5b0,
0x000001f6d780cc40, 0x000001f6d780d2d0, 0x000001f6d780dff0, 0x000001f6d7807060,
0x000001f6d780e680, 0x000001f6d9c02960, 0x000001f6d9bfe7c0, 0x000001f6d58632f0,
0x000001f6d58653c0, 0x000001f6d5865a50, 0x000001f6d585eac0, 0x000001f6d58660e0,
0x000001f6d4c58ce0, 0x000001f6d4c59370, 0x000001f6d4c58650, 0x000001f6d9bfc060,
0x000001f6d9c00200, 0x000001f6d9c01c40, 0x000001f6d9bffb70, 0x000001f6d9bfee50,
0x000001f6d6ad8890, 0x000001f6d6ad4d80, 0x000001f6d6ad6130, 0x000001f6d6adaff0,
0x000001f6d8eaa4c0, 0x000001f6d8ea83f0, 0x000001f6d8eadfd0, 0x000001f6d9337a30,
0x000001f6d9338750, 0x000001f6d93373a0, 0x000001f6d933a190, 0x000001f6d780a4e0,
0x000001f6d65e1780, 0x000001f6d65e4570, 0x000001f6d65e4c00, 0x000001f6d65e5920,
0x000001f6d65e5290, 0x000001f6d65df020, 0x000001f6d65e5fb0, 0x000001f6d65df6b0,
0x000001f6d65dfd40, 0x000001f6d65e03d0, 0x000001f6d65e0a60, 0x000001f6d9c00f20,
0x000001f6d9c015b0, 0x000001f6d8ea7d60, 0x000001f6d4b9eb10
}

Java Threads: ( => current thread )
  0x000001f6b5c268f0 JavaThread "main"                              [_thread_blocked, id=6420, stack(0x00000075d9d00000,0x00000075d9e00000) (1024K)]
  0x000001f6cec212f0 JavaThread "Reference Handler"          daemon [_thread_blocked, id=14880, stack(0x00000075da500000,0x00000075da600000) (1024K)]
  0x000001f6cec22260 JavaThread "Finalizer"                  daemon [_thread_blocked, id=16824, stack(0x00000075da600000,0x00000075da700000) (1024K)]
  0x000001f6cec26740 JavaThread "Signal Dispatcher"          daemon [_thread_blocked, id=6108, stack(0x00000075da700000,0x00000075da800000) (1024K)]
  0x000001f6cec31be0 JavaThread "Attach Listener"            daemon [_thread_blocked, id=18096, stack(0x00000075da800000,0x00000075da900000) (1024K)]
  0x000001f6cec40fe0 JavaThread "Service Thread"             daemon [_thread_blocked, id=2060, stack(0x00000075da900000,0x00000075daa00000) (1024K)]
  0x000001f6cec41a40 JavaThread "Monitor Deflation Thread"   daemon [_thread_blocked, id=16372, stack(0x00000075daa00000,0x00000075dab00000) (1024K)]
  0x000001f6cec424a0 JavaThread "C2 CompilerThread0"         daemon [_thread_blocked, id=11076, stack(0x00000075dab00000,0x00000075dac00000) (1024K)]
  0x000001f6cec46f50 JavaThread "C1 CompilerThread0"         daemon [_thread_blocked, id=16096, stack(0x00000075dac00000,0x00000075dad00000) (1024K)]
  0x000001f6ceca8fd0 JavaThread "Common-Cleaner"             daemon [_thread_blocked, id=5460, stack(0x00000075dad00000,0x00000075dae00000) (1024K)]
  0x000001f6cef4fa30 JavaThread "Notification Thread"        daemon [_thread_blocked, id=17636, stack(0x00000075dae00000,0x00000075daf00000) (1024K)]
  0x000001f6d4a0ec60 JavaThread "Daemon health stats"               [_thread_blocked, id=12532, stack(0x00000075daf00000,0x00000075db000000) (1024K)]
  0x000001f6d4be9d60 JavaThread "Incoming local TCP Connector on port 50168"        [_thread_in_native, id=1072, stack(0x00000075db400000,0x00000075db500000) (1024K)]
  0x000001f6d4bad680 JavaThread "Daemon periodic checks"            [_thread_blocked, id=16964, stack(0x00000075db500000,0x00000075db600000) (1024K)]
  0x000001f6d4cbb880 JavaThread "Daemon"                            [_thread_blocked, id=18208, stack(0x00000075db600000,0x00000075db700000) (1024K)]
  0x000001f6d4cd4b50 JavaThread "Daemon worker"                     [_thread_blocked, id=11404, stack(0x00000075db900000,0x00000075dba00000) (1024K)]
  0x000001f6d4c59a00 JavaThread "Cache worker for journal cache (C:\Users\Batuhan\.gradle\caches\journal-1)"        [_thread_blocked, id=17376, stack(0x00000075dbd00000,0x00000075dbe00000) (1024K)]
  0x000001f6d4c57930 JavaThread "File lock request listener"        [_thread_in_native, id=2848, stack(0x00000075dbe00000,0x00000075dbf00000) (1024K)]
  0x000001f6d4c572a0 JavaThread "Cache worker for file hash cache (C:\Users\Batuhan\.gradle\caches\8.9\fileHashes)"        [_thread_blocked, id=16052, stack(0x00000075dbf00000,0x00000075dc000000) (1024K)]
  0x000001f6d58646a0 JavaThread "File watcher server"        daemon [_thread_blocked, id=17192, stack(0x00000075dc200000,0x00000075dc300000) (1024K)]
  0x000001f6d5860500 JavaThread "File watcher consumer"      daemon [_thread_blocked, id=7764, stack(0x00000075dc300000,0x00000075dc400000) (1024K)]
  0x000001f6d585f7e0 JavaThread "Cache worker for file content cache (C:\Users\Batuhan\.gradle\caches\8.9\fileContent)"        [_thread_blocked, id=17640, stack(0x00000075dc500000,0x00000075dc600000) (1024K)]
  0x000001f6d9bfdaa0 JavaThread "Memory manager"                    [_thread_blocked, id=15084, stack(0x00000075dd200000,0x00000075dd300000) (1024K)]
  0x000001f6d7807d80 JavaThread "included builds"                   [_thread_blocked, id=18052, stack(0x00000075dd400000,0x00000075dd500000) (1024K)]
  0x000001f6d780ab70 JavaThread "VFS cleanup"                       [_thread_blocked, id=14504, stack(0x00000075dba00000,0x00000075dbb00000) (1024K)]
  0x000001f6d7808410 JavaThread "Handler for socket connection from /127.0.0.1:50168 to /127.0.0.1:50174"        [_thread_in_native, id=3740, stack(0x00000075db300000,0x00000075db400000) (1024K)]
  0x000001f6d780bf20 JavaThread "Cancel handler"                    [_thread_blocked, id=11272, stack(0x00000075db700000,0x00000075db800000) (1024K)]
  0x000001f6d780c5b0 JavaThread "Asynchronous log dispatcher for DefaultDaemonConnection: socket connection from /127.0.0.1:50168 to /127.0.0.1:50174"        [_thread_blocked, id=8180, stack(0x00000075db800000,0x00000075db900000) (1024K)]
  0x000001f6d780cc40 JavaThread "Stdin handler"                     [_thread_blocked, id=17604, stack(0x00000075dbb00000,0x00000075dbc00000) (1024K)]
  0x000001f6d780d2d0 JavaThread "Daemon client event forwarder"        [_thread_blocked, id=252, stack(0x00000075dbc00000,0x00000075dbd00000) (1024K)]
  0x000001f6d780dff0 JavaThread "Cache worker for file hash cache (C:\Users\Batuhan\AndroidStudioProjects\DocuNote\.gradle\8.9\fileHashes)"        [_thread_blocked, id=16988, stack(0x00000075dc000000,0x00000075dc100000) (1024K)]
  0x000001f6d7807060 JavaThread "Cache worker for Build Output Cleanup Cache (C:\Users\Batuhan\AndroidStudioProjects\DocuNote\.gradle\buildOutputCleanup)"        [_thread_blocked, id=9316, stack(0x00000075dc100000,0x00000075dc200000) (1024K)]
  0x000001f6d780e680 JavaThread "Cache worker for checksums cache (C:\Users\Batuhan\AndroidStudioProjects\DocuNote\.gradle\8.9\checksums)"        [_thread_blocked, id=7300, stack(0x00000075dc600000,0x00000075dc700000) (1024K)]
  0x000001f6d9c02960 JavaThread "Cache worker for cache directory md-rule (C:\Users\Batuhan\.gradle\caches\8.9\md-rule)"        [_thread_blocked, id=8304, stack(0x00000075dc700000,0x00000075dc800000) (1024K)]
  0x000001f6d9bfe7c0 JavaThread "Cache worker for cache directory md-supplier (C:\Users\Batuhan\.gradle\caches\8.9\md-supplier)"        [_thread_blocked, id=13040, stack(0x00000075dc800000,0x00000075dc900000) (1024K)]
  0x000001f6d58632f0 JavaThread "Unconstrained build operations"        [_thread_blocked, id=10016, stack(0x00000075dc900000,0x00000075dca00000) (1024K)]
  0x000001f6d58653c0 JavaThread "Unconstrained build operations Thread 2"        [_thread_blocked, id=17648, stack(0x00000075dca00000,0x00000075dcb00000) (1024K)]
  0x000001f6d5865a50 JavaThread "Unconstrained build operations Thread 3"        [_thread_blocked, id=15164, stack(0x00000075dcb00000,0x00000075dcc00000) (1024K)]
  0x000001f6d585eac0 JavaThread "Unconstrained build operations Thread 4"        [_thread_blocked, id=13072, stack(0x00000075dcc00000,0x00000075dcd00000) (1024K)]
  0x000001f6d58660e0 JavaThread "Unconstrained build operations Thread 5"        [_thread_blocked, id=11196, stack(0x00000075dcd00000,0x00000075dce00000) (1024K)]
  0x000001f6d4c58ce0 JavaThread "Unconstrained build operations Thread 6"        [_thread_blocked, id=8028, stack(0x00000075dce00000,0x00000075dcf00000) (1024K)]
  0x000001f6d4c59370 JavaThread "build event listener"              [_thread_blocked, id=16928, stack(0x00000075dcf00000,0x00000075dd000000) (1024K)]
  0x000001f6d4c58650 JavaThread "build event listener"              [_thread_blocked, id=5540, stack(0x00000075dd000000,0x00000075dd100000) (1024K)]
  0x000001f6d9bfc060 JavaThread "included builds"                   [_thread_blocked, id=13068, stack(0x00000075dd100000,0x00000075dd200000) (1024K)]
  0x000001f6d9c00200 JavaThread "Execution worker"                  [_thread_blocked, id=1256, stack(0x00000075dd300000,0x00000075dd400000) (1024K)]
  0x000001f6d9c01c40 JavaThread "Execution worker Thread 2"         [_thread_blocked, id=10384, stack(0x00000075dd500000,0x00000075dd600000) (1024K)]
  0x000001f6d9bffb70 JavaThread "Execution worker Thread 3"         [_thread_blocked, id=11612, stack(0x00000075dd600000,0x00000075dd700000) (1024K)]
  0x000001f6d9bfee50 JavaThread "Cache worker for execution history cache (C:\Users\Batuhan\AndroidStudioProjects\DocuNote\.gradle\8.9\executionHistory)"        [_thread_blocked, id=632, stack(0x00000075dd700000,0x00000075dd800000) (1024K)]
  0x000001f6d6ad8890 JavaThread "Unconstrained build operations Thread 7"        [_thread_blocked, id=16224, stack(0x00000075dd800000,0x00000075dd900000) (1024K)]
  0x000001f6d6ad4d80 JavaThread "Unconstrained build operations Thread 8"        [_thread_blocked, id=3424, stack(0x00000075dd900000,0x00000075dda00000) (1024K)]
  0x000001f6d6ad6130 JavaThread "Unconstrained build operations Thread 9"        [_thread_blocked, id=8696, stack(0x00000075dda00000,0x00000075ddb00000) (1024K)]
  0x000001f6d6adaff0 JavaThread "WorkerExecutor Queue"              [_thread_blocked, id=11768, stack(0x00000075ddb00000,0x00000075ddc00000) (1024K)]
  0x000001f6d8eaa4c0 JavaThread "Unconstrained build operations Thread 10"        [_thread_blocked, id=14460, stack(0x00000075ddc00000,0x00000075ddd00000) (1024K)]
  0x000001f6d8ea83f0 JavaThread "Unconstrained build operations Thread 11"        [_thread_blocked, id=16816, stack(0x00000075ddd00000,0x00000075dde00000) (1024K)]
  0x000001f6d8eadfd0 JavaThread "Unconstrained build operations Thread 12"        [_thread_blocked, id=11820, stack(0x00000075dde00000,0x00000075ddf00000) (1024K)]
  0x000001f6d9337a30 JavaThread "WorkerExecutor Queue Thread 2"        [_thread_blocked, id=12024, stack(0x00000075ddf00000,0x00000075de000000) (1024K)]
  0x000001f6d9338750 JavaThread "WorkerExecutor Queue Thread 3"        [_thread_blocked, id=17276, stack(0x00000075de000000,0x00000075de100000) (1024K)]
  0x000001f6d93373a0 JavaThread "WorkerExecutor Queue Thread 4"        [_thread_blocked, id=14152, stack(0x00000075de100000,0x00000075de200000) (1024K)]
  0x000001f6d933a190 JavaThread "Unconstrained build operations Thread 13"        [_thread_blocked, id=9928, stack(0x00000075d9a00000,0x00000075d9b00000) (1024K)]
  0x000001f6d780a4e0 JavaThread "Unconstrained build operations Thread 14"        [_thread_blocked, id=17780, stack(0x00000075de200000,0x00000075de300000) (1024K)]
  0x000001f6d65e1780 JavaThread "Unconstrained build operations Thread 15"        [_thread_blocked, id=18176, stack(0x00000075de300000,0x00000075de400000) (1024K)]
  0x000001f6d65e4570 JavaThread "Unconstrained build operations Thread 16"        [_thread_blocked, id=5508, stack(0x00000075de400000,0x00000075de500000) (1024K)]
  0x000001f6d65e4c00 JavaThread "Unconstrained build operations Thread 17"        [_thread_blocked, id=12524, stack(0x00000075de500000,0x00000075de600000) (1024K)]
  0x000001f6d65e5920 JavaThread "Unconstrained build operations Thread 18"        [_thread_blocked, id=16072, stack(0x00000075de600000,0x00000075de700000) (1024K)]
  0x000001f6d65e5290 JavaThread "Unconstrained build operations Thread 19"        [_thread_blocked, id=17488, stack(0x00000075de700000,0x00000075de800000) (1024K)]
  0x000001f6d65df020 JavaThread "Unconstrained build operations Thread 20"        [_thread_blocked, id=11728, stack(0x00000075de800000,0x00000075de900000) (1024K)]
  0x000001f6d65e5fb0 JavaThread "Unconstrained build operations Thread 21"        [_thread_blocked, id=14580, stack(0x00000075de900000,0x00000075dea00000) (1024K)]
  0x000001f6d65df6b0 JavaThread "Unconstrained build operations Thread 22"        [_thread_blocked, id=2984, stack(0x00000075dea00000,0x00000075deb00000) (1024K)]
  0x000001f6d65dfd40 JavaThread "Unconstrained build operations Thread 23"        [_thread_blocked, id=16676, stack(0x00000075deb00000,0x00000075dec00000) (1024K)]
  0x000001f6d65e03d0 JavaThread "Unconstrained build operations Thread 24"        [_thread_blocked, id=15520, stack(0x00000075dec00000,0x00000075ded00000) (1024K)]
  0x000001f6d65e0a60 JavaThread "Unconstrained build operations Thread 25"        [_thread_blocked, id=17740, stack(0x00000075ded00000,0x00000075dee00000) (1024K)]
  0x000001f6d9c00f20 JavaThread "Unconstrained build operations Thread 26"        [_thread_blocked, id=9712, stack(0x00000075dee00000,0x00000075def00000) (1024K)]
  0x000001f6d9c015b0 JavaThread "Unconstrained build operations Thread 27"        [_thread_blocked, id=11980, stack(0x00000075def00000,0x00000075df000000) (1024K)]
  0x000001f6d8ea7d60 JavaThread "Unconstrained build operations Thread 28"        [_thread_blocked, id=5284, stack(0x00000075df000000,0x00000075df100000) (1024K)]
  0x000001f6d4b9eb10 JavaThread "C2 CompilerThread1"         daemon [_thread_blocked, id=16712, stack(0x00000075dc400000,0x00000075dc500000) (1024K)]
Total: 75

Other Threads:
=>0x000001f6cea2e630 VMThread "VM Thread"                           [id=12272, stack(0x00000075da400000,0x00000075da500000) (1024K)]
  0x000001f6ce9f9f80 WatcherThread "VM Periodic Task Thread"        [id=17236, stack(0x00000075da300000,0x00000075da400000) (1024K)]
  0x000001f6b5c7df20 WorkerThread "GC Thread#0"                     [id=15908, stack(0x00000075d9e00000,0x00000075d9f00000) (1024K)]
  0x000001f6d3209aa0 WorkerThread "GC Thread#1"                     [id=9236, stack(0x00000075db000000,0x00000075db100000) (1024K)]
  0x000001f6d3209e40 WorkerThread "GC Thread#2"                     [id=14256, stack(0x00000075db100000,0x00000075db200000) (1024K)]
  0x000001f6d320a1e0 WorkerThread "GC Thread#3"                     [id=12624, stack(0x00000075db200000,0x00000075db300000) (1024K)]
  0x000001f6b5c8ef00 ConcurrentGCThread "G1 Main Marker"            [id=7160, stack(0x00000075d9f00000,0x00000075da000000) (1024K)]
  0x000001f6b5c8fb70 WorkerThread "G1 Conc#0"                       [id=18184, stack(0x00000075da000000,0x00000075da100000) (1024K)]
  0x000001f6ce8cd280 ConcurrentGCThread "G1 Refine#0"               [id=12968, stack(0x00000075da100000,0x00000075da200000) (1024K)]
  0x000001f6ce8cf3c0 ConcurrentGCThread "G1 Service"                [id=4204, stack(0x00000075da200000,0x00000075da300000) (1024K)]
Total: 10

Threads with active compile tasks:
Total: 0

VM state: at safepoint (normal execution)

VM Mutex/Monitor currently owned by a thread:  ([mutex/lock_event])
[0x00007fff71c220c8] Threads_lock - owner thread: 0x000001f6cea2e630
[0x00007fff71c221c8] Heap_lock - owner thread: 0x000001f6d9c00f20

Heap address: 0x0000000080000000, size: 2048 MB, Compressed Oops mode: 32-bit

CDS archive(s) not mapped
Compressed class space mapped at: 0x0000000100000000-0x0000000140000000, reserved size: 1073741824
Narrow klass base: 0x0000000000000000, Narrow klass shift: 3, Narrow klass range: 0x140000000

GC Precious Log:
 CardTable entry size: 512
 Card Set container configuration: InlinePtr #cards 5 size 8 Array Of Cards #cards 12 size 40 Howl #buckets 4 coarsen threshold 1843 Howl Bitmap #cards 512 size 80 coarsen threshold 460 Card regions per heap region 1 cards per card region 2048
 CPUs: 4 total, 4 available
 Memory: 16307M
 Large Page Support: Disabled
 NUMA Support: Disabled
 Compressed Oops: Enabled (32-bit)
 Heap Region Size: 1M
 Heap Min Capacity: 8M
 Heap Initial Capacity: 256M
 Heap Max Capacity: 2G
 Pre-touch: Disabled
 Parallel Workers: 4
 Concurrent Workers: 1
 Concurrent Refinement Workers: 4
 Periodic GC: Disabled

Heap:
 garbage-first heap   total 339968K, used 249344K [0x0000000080000000, 0x0000000100000000)
  region size 1024K, 10 young (10240K), 10 survivors (10240K)
 Metaspace       used 133917K, committed 136128K, reserved 1179648K
  class space    used 18016K, committed 19136K, reserved 1048576K

Heap Regions: E=young(eden), S=young(survivor), O=old, HS=humongous(starts), HC=humongous(continues), CS=collection set, F=free, TAMS=top-at-mark-start, PB=parsable bottom
|   0|0x0000000080000000, 0x0000000080100000, 0x0000000080100000|100%|HS|  |TAMS 0x0000000080100000| PB 0x0000000080000000| Complete 
|   1|0x0000000080100000, 0x0000000080200000, 0x0000000080200000|100%|HC|  |TAMS 0x0000000080200000| PB 0x0000000080100000| Complete 
|   2|0x0000000080200000, 0x0000000080300000, 0x0000000080300000|100%|HC|  |TAMS 0x0000000080300000| PB 0x0000000080200000| Complete 
|   3|0x0000000080300000, 0x0000000080400000, 0x0000000080400000|100%|HC|  |TAMS 0x0000000080400000| PB 0x0000000080300000| Complete 
|   4|0x0000000080400000, 0x0000000080500000, 0x0000000080500000|100%| O|  |TAMS 0x0000000080500000| PB 0x0000000080400000| Untracked 
|   5|0x0000000080500000, 0x0000000080600000, 0x0000000080600000|100%| O|  |TAMS 0x0000000080600000| PB 0x0000000080500000| Untracked 
|   6|0x0000000080600000, 0x0000000080700000, 0x0000000080700000|100%| O|  |TAMS 0x0000000080700000| PB 0x0000000080600000| Untracked 
|   7|0x0000000080700000, 0x0000000080800000, 0x0000000080800000|100%| O|  |TAMS 0x0000000080800000| PB 0x0000000080700000| Untracked 
|   8|0x0000000080800000, 0x0000000080900000, 0x0000000080900000|100%|HS|  |TAMS 0x0000000080900000| PB 0x0000000080800000| Complete 
|   9|0x0000000080900000, 0x0000000080a00000, 0x0000000080a00000|100%| O|  |TAMS 0x0000000080a00000| PB 0x0000000080900000| Untracked 
|  10|0x0000000080a00000, 0x0000000080b00000, 0x0000000080b00000|100%| O|  |TAMS 0x0000000080b00000| PB 0x0000000080a00000| Untracked 
|  11|0x0000000080b00000, 0x0000000080c00000, 0x0000000080c00000|100%| O|  |TAMS 0x0000000080c00000| PB 0x0000000080b00000| Untracked 
|  12|0x0000000080c00000, 0x0000000080d00000, 0x0000000080d00000|100%| O|  |TAMS 0x0000000080d00000| PB 0x0000000080c00000| Untracked 
|  13|0x0000000080d00000, 0x0000000080e00000, 0x0000000080e00000|100%| O|  |TAMS 0x0000000080e00000| PB 0x0000000080d00000| Untracked 
|  14|0x0000000080e00000, 0x0000000080f00000, 0x0000000080f00000|100%| O|  |TAMS 0x0000000080f00000| PB 0x0000000080e00000| Untracked 
|  15|0x0000000080f00000, 0x0000000081000000, 0x0000000081000000|100%| O|  |TAMS 0x0000000081000000| PB 0x0000000080f00000| Untracked 
|  16|0x0000000081000000, 0x0000000081100000, 0x0000000081100000|100%| O|  |TAMS 0x0000000081100000| PB 0x0000000081000000| Untracked 
|  17|0x0000000081100000, 0x0000000081200000, 0x0000000081200000|100%| O|  |TAMS 0x0000000081200000| PB 0x0000000081100000| Untracked 
|  18|0x0000000081200000, 0x0000000081300000, 0x0000000081300000|100%| O|  |TAMS 0x0000000081300000| PB 0x0000000081200000| Untracked 
|  19|0x0000000081300000, 0x0000000081400000, 0x0000000081400000|100%| O|  |TAMS 0x0000000081400000| PB 0x0000000081300000| Untracked 
|  20|0x0000000081400000, 0x0000000081500000, 0x0000000081500000|100%| O|  |TAMS 0x0000000081500000| PB 0x0000000081400000| Untracked 
|  21|0x0000000081500000, 0x0000000081600000, 0x0000000081600000|100%| O|  |TAMS 0x0000000081600000| PB 0x0000000081500000| Untracked 
|  22|0x0000000081600000, 0x0000000081700000, 0x0000000081700000|100%| O|  |TAMS 0x0000000081700000| PB 0x0000000081600000| Untracked 
|  23|0x0000000081700000, 0x0000000081800000, 0x0000000081800000|100%| O|  |TAMS 0x0000000081800000| PB 0x0000000081700000| Untracked 
|  24|0x0000000081800000, 0x0000000081900000, 0x0000000081900000|100%| O|  |TAMS 0x0000000081900000| PB 0x0000000081800000| Untracked 
|  25|0x0000000081900000, 0x0000000081a00000, 0x0000000081a00000|100%| O|  |TAMS 0x0000000081a00000| PB 0x0000000081900000| Untracked 
|  26|0x0000000081a00000, 0x0000000081b00000, 0x0000000081b00000|100%| O|  |TAMS 0x0000000081b00000| PB 0x0000000081a00000| Untracked 
|  27|0x0000000081b00000, 0x0000000081c00000, 0x0000000081c00000|100%| O|  |TAMS 0x0000000081c00000| PB 0x0000000081b00000| Untracked 
|  28|0x0000000081c00000, 0x0000000081d00000, 0x0000000081d00000|100%| O|  |TAMS 0x0000000081d00000| PB 0x0000000081c00000| Untracked 
|  29|0x0000000081d00000, 0x0000000081e00000, 0x0000000081e00000|100%| O|  |TAMS 0x0000000081e00000| PB 0x0000000081d00000| Untracked 
|  30|0x0000000081e00000, 0x0000000081f00000, 0x0000000081f00000|100%| O|  |TAMS 0x0000000081f00000| PB 0x0000000081e00000| Untracked 
|  31|0x0000000081f00000, 0x0000000082000000, 0x0000000082000000|100%| O|  |TAMS 0x0000000082000000| PB 0x0000000081f00000| Untracked 
|  32|0x0000000082000000, 0x0000000082100000, 0x0000000082100000|100%| O|  |TAMS 0x0000000082100000| PB 0x0000000082000000| Untracked 
|  33|0x0000000082100000, 0x0000000082200000, 0x0000000082200000|100%| O|  |TAMS 0x0000000082200000| PB 0x0000000082100000| Untracked 
|  34|0x0000000082200000, 0x0000000082300000, 0x0000000082300000|100%| O|  |TAMS 0x0000000082300000| PB 0x0000000082200000| Untracked 
|  35|0x0000000082300000, 0x0000000082400000, 0x0000000082400000|100%| O|  |TAMS 0x0000000082400000| PB 0x0000000082300000| Untracked 
|  36|0x0000000082400000, 0x0000000082500000, 0x0000000082500000|100%| O|  |TAMS 0x0000000082500000| PB 0x0000000082400000| Untracked 
|  37|0x0000000082500000, 0x0000000082600000, 0x0000000082600000|100%| O|  |TAMS 0x0000000082600000| PB 0x0000000082500000| Untracked 
|  38|0x0000000082600000, 0x0000000082700000, 0x0000000082700000|100%| O|  |TAMS 0x0000000082700000| PB 0x0000000082600000| Untracked 
|  39|0x0000000082700000, 0x0000000082800000, 0x0000000082800000|100%| O|  |TAMS 0x0000000082800000| PB 0x0000000082700000| Untracked 
|  40|0x0000000082800000, 0x0000000082900000, 0x0000000082900000|100%| O|  |TAMS 0x0000000082900000| PB 0x0000000082800000| Untracked 
|  41|0x0000000082900000, 0x0000000082a00000, 0x0000000082a00000|100%| O|  |TAMS 0x0000000082900000| PB 0x0000000082900000| Untracked 
|  42|0x0000000082a00000, 0x0000000082b00000, 0x0000000082b00000|100%| O|  |TAMS 0x0000000082b00000| PB 0x0000000082a00000| Untracked 
|  43|0x0000000082b00000, 0x0000000082c00000, 0x0000000082c00000|100%| O|  |TAMS 0x0000000082c00000| PB 0x0000000082b00000| Untracked 
|  44|0x0000000082c00000, 0x0000000082d00000, 0x0000000082d00000|100%| O|  |TAMS 0x0000000082d00000| PB 0x0000000082c00000| Untracked 
|  45|0x0000000082d00000, 0x0000000082e00000, 0x0000000082e00000|100%| O|  |TAMS 0x0000000082e00000| PB 0x0000000082d00000| Untracked 
|  46|0x0000000082e00000, 0x0000000082f00000, 0x0000000082f00000|100%| O|  |TAMS 0x0000000082f00000| PB 0x0000000082e00000| Untracked 
|  47|0x0000000082f00000, 0x0000000083000000, 0x0000000083000000|100%| O|  |TAMS 0x0000000083000000| PB 0x0000000082f00000| Untracked 
|  48|0x0000000083000000, 0x0000000083100000, 0x0000000083100000|100%| O|  |TAMS 0x0000000083100000| PB 0x0000000083000000| Untracked 
|  49|0x0000000083100000, 0x0000000083200000, 0x0000000083200000|100%|HS|  |TAMS 0x0000000083200000| PB 0x0000000083100000| Complete 
|  50|0x0000000083200000, 0x0000000083300000, 0x0000000083300000|100%|HS|  |TAMS 0x0000000083300000| PB 0x0000000083200000| Complete 
|  51|0x0000000083300000, 0x0000000083400000, 0x0000000083400000|100%|HS|  |TAMS 0x0000000083400000| PB 0x0000000083300000| Complete 
|  52|0x0000000083400000, 0x0000000083500000, 0x0000000083500000|100%|HC|  |TAMS 0x0000000083500000| PB 0x0000000083400000| Complete 
|  53|0x0000000083500000, 0x0000000083600000, 0x0000000083600000|100%|HS|  |TAMS 0x0000000083600000| PB 0x0000000083500000| Complete 
|  54|0x0000000083600000, 0x0000000083700000, 0x0000000083700000|100%|HC|  |TAMS 0x0000000083700000| PB 0x0000000083600000| Complete 
|  55|0x0000000083700000, 0x0000000083800000, 0x0000000083800000|100%|HS|  |TAMS 0x0000000083800000| PB 0x0000000083700000| Complete 
|  56|0x0000000083800000, 0x0000000083900000, 0x0000000083900000|100%|HS|  |TAMS 0x0000000083900000| PB 0x0000000083800000| Complete 
|  57|0x0000000083900000, 0x0000000083a00000, 0x0000000083a00000|100%|HC|  |TAMS 0x0000000083a00000| PB 0x0000000083900000| Complete 
|  58|0x0000000083a00000, 0x0000000083b00000, 0x0000000083b00000|100%|HC|  |TAMS 0x0000000083b00000| PB 0x0000000083a00000| Complete 
|  59|0x0000000083b00000, 0x0000000083c00000, 0x0000000083c00000|100%|HS|  |TAMS 0x0000000083c00000| PB 0x0000000083b00000| Complete 
|  60|0x0000000083c00000, 0x0000000083d00000, 0x0000000083d00000|100%| O|  |TAMS 0x0000000083d00000| PB 0x0000000083c00000| Untracked 
|  61|0x0000000083d00000, 0x0000000083e00000, 0x0000000083e00000|100%|HS|  |TAMS 0x0000000083e00000| PB 0x0000000083d00000| Complete 
|  62|0x0000000083e00000, 0x0000000083f00000, 0x0000000083f00000|100%|HS|  |TAMS 0x0000000083f00000| PB 0x0000000083e00000| Complete 
|  63|0x0000000083f00000, 0x0000000084000000, 0x0000000084000000|100%| O|  |TAMS 0x0000000084000000| PB 0x0000000083f00000| Untracked 
|  64|0x0000000084000000, 0x0000000084100000, 0x0000000084100000|100%| O|  |TAMS 0x0000000084100000| PB 0x0000000084000000| Untracked 
|  65|0x0000000084100000, 0x0000000084200000, 0x0000000084200000|100%|HS|  |TAMS 0x0000000084200000| PB 0x0000000084100000| Complete 
|  66|0x0000000084200000, 0x0000000084300000, 0x0000000084300000|100%| O|  |TAMS 0x0000000084300000| PB 0x0000000084200000| Untracked 
|  67|0x0000000084300000, 0x0000000084400000, 0x0000000084400000|100%| O|  |TAMS 0x0000000084400000| PB 0x0000000084300000| Untracked 
|  68|0x0000000084400000, 0x0000000084500000, 0x0000000084500000|100%| O|  |TAMS 0x0000000084500000| PB 0x0000000084400000| Untracked 
|  69|0x0000000084500000, 0x0000000084600000, 0x0000000084600000|100%| O|  |TAMS 0x0000000084600000| PB 0x0000000084500000| Untracked 
|  70|0x0000000084600000, 0x0000000084700000, 0x0000000084700000|100%| O|  |TAMS 0x0000000084700000| PB 0x0000000084600000| Untracked 
|  71|0x0000000084700000, 0x0000000084800000, 0x0000000084800000|100%| O|  |TAMS 0x0000000084800000| PB 0x0000000084700000| Untracked 
|  72|0x0000000084800000, 0x0000000084900000, 0x0000000084900000|100%| O|  |TAMS 0x0000000084900000| PB 0x0000000084800000| Untracked 
|  73|0x0000000084900000, 0x0000000084a00000, 0x0000000084a00000|100%| O|  |TAMS 0x0000000084a00000| PB 0x0000000084900000| Untracked 
|  74|0x0000000084a00000, 0x0000000084b00000, 0x0000000084b00000|100%| O|  |TAMS 0x0000000084b00000| PB 0x0000000084a00000| Untracked 
|  75|0x0000000084b00000, 0x0000000084c00000, 0x0000000084c00000|100%|HS|  |TAMS 0x0000000084c00000| PB 0x0000000084b00000| Complete 
|  76|0x0000000084c00000, 0x0000000084d00000, 0x0000000084d00000|100%|HC|  |TAMS 0x0000000084d00000| PB 0x0000000084c00000| Complete 
|  77|0x0000000084d00000, 0x0000000084e00000, 0x0000000084e00000|100%|HC|  |TAMS 0x0000000084e00000| PB 0x0000000084d00000| Complete 
|  78|0x0000000084e00000, 0x0000000084f00000, 0x0000000084f00000|100%| O|  |TAMS 0x0000000084f00000| PB 0x0000000084e00000| Untracked 
|  79|0x0000000084f00000, 0x0000000085000000, 0x0000000085000000|100%| O|  |TAMS 0x0000000085000000| PB 0x0000000084f00000| Untracked 
|  80|0x0000000085000000, 0x0000000085100000, 0x0000000085100000|100%| O|  |TAMS 0x0000000085100000| PB 0x0000000085000000| Untracked 
|  81|0x0000000085100000, 0x0000000085200000, 0x0000000085200000|100%| O|  |TAMS 0x0000000085200000| PB 0x0000000085100000| Untracked 
|  82|0x0000000085200000, 0x0000000085300000, 0x0000000085300000|100%| O|  |TAMS 0x0000000085300000| PB 0x0000000085200000| Untracked 
|  83|0x0000000085300000, 0x0000000085400000, 0x0000000085400000|100%| O|  |TAMS 0x0000000085400000| PB 0x0000000085300000| Untracked 
|  84|0x0000000085400000, 0x0000000085500000, 0x0000000085500000|100%| O|  |TAMS 0x0000000085500000| PB 0x0000000085400000| Untracked 
|  85|0x0000000085500000, 0x0000000085600000, 0x0000000085600000|100%| O|  |TAMS 0x0000000085600000| PB 0x0000000085500000| Untracked 
|  86|0x0000000085600000, 0x0000000085700000, 0x0000000085700000|100%| O|  |TAMS 0x0000000085700000| PB 0x0000000085600000| Untracked 
|  87|0x0000000085700000, 0x0000000085800000, 0x0000000085800000|100%| O|  |TAMS 0x0000000085800000| PB 0x0000000085700000| Untracked 
|  88|0x0000000085800000, 0x0000000085900000, 0x0000000085900000|100%| O|  |TAMS 0x0000000085900000| PB 0x0000000085800000| Untracked 
|  89|0x0000000085900000, 0x0000000085a00000, 0x0000000085a00000|100%| O|  |TAMS 0x0000000085a00000| PB 0x0000000085900000| Untracked 
|  90|0x0000000085a00000, 0x0000000085b00000, 0x0000000085b00000|100%| O|  |TAMS 0x0000000085b00000| PB 0x0000000085a00000| Untracked 
|  91|0x0000000085b00000, 0x0000000085c00000, 0x0000000085c00000|100%| O|  |TAMS 0x0000000085c00000| PB 0x0000000085b00000| Untracked 
|  92|0x0000000085c00000, 0x0000000085d00000, 0x0000000085d00000|100%| O|  |TAMS 0x0000000085d00000| PB 0x0000000085c00000| Untracked 
|  93|0x0000000085d00000, 0x0000000085e00000, 0x0000000085e00000|100%| O|  |TAMS 0x0000000085e00000| PB 0x0000000085d00000| Untracked 
|  94|0x0000000085e00000, 0x0000000085f00000, 0x0000000085f00000|100%| O|  |TAMS 0x0000000085f00000| PB 0x0000000085e00000| Untracked 
|  95|0x0000000085f00000, 0x0000000086000000, 0x0000000086000000|100%| O|  |TAMS 0x0000000086000000| PB 0x0000000085f00000| Untracked 
|  96|0x0000000086000000, 0x0000000086100000, 0x0000000086100000|100%| O|  |TAMS 0x0000000086100000| PB 0x0000000086000000| Untracked 
|  97|0x0000000086100000, 0x0000000086200000, 0x0000000086200000|100%| O|  |TAMS 0x0000000086200000| PB 0x0000000086100000| Untracked 
|  98|0x0000000086200000, 0x0000000086300000, 0x0000000086300000|100%| O|  |TAMS 0x0000000086300000| PB 0x0000000086200000| Untracked 
|  99|0x0000000086300000, 0x0000000086400000, 0x0000000086400000|100%| O|  |TAMS 0x0000000086400000| PB 0x0000000086300000| Untracked 
| 100|0x0000000086400000, 0x0000000086500000, 0x0000000086500000|100%| O|  |TAMS 0x0000000086500000| PB 0x0000000086400000| Untracked 
| 101|0x0000000086500000, 0x0000000086600000, 0x0000000086600000|100%| O|  |TAMS 0x0000000086600000| PB 0x0000000086500000| Untracked 
| 102|0x0000000086600000, 0x0000000086700000, 0x0000000086700000|100%| O|  |TAMS 0x0000000086700000| PB 0x0000000086600000| Untracked 
| 103|0x0000000086700000, 0x0000000086800000, 0x0000000086800000|100%| O|  |TAMS 0x0000000086800000| PB 0x0000000086700000| Untracked 
| 104|0x0000000086800000, 0x0000000086900000, 0x0000000086900000|100%| O|  |TAMS 0x0000000086900000| PB 0x0000000086800000| Untracked 
| 105|0x0000000086900000, 0x0000000086a00000, 0x0000000086a00000|100%| O|  |TAMS 0x0000000086a00000| PB 0x0000000086900000| Untracked 
| 106|0x0000000086a00000, 0x0000000086b00000, 0x0000000086b00000|100%| O|  |TAMS 0x0000000086b00000| PB 0x0000000086a00000| Untracked 
| 107|0x0000000086b00000, 0x0000000086c00000, 0x0000000086c00000|100%| O|  |TAMS 0x0000000086c00000| PB 0x0000000086b00000| Untracked 
| 108|0x0000000086c00000, 0x0000000086d00000, 0x0000000086d00000|100%| O|  |TAMS 0x0000000086d00000| PB 0x0000000086c00000| Untracked 
| 109|0x0000000086d00000, 0x0000000086e00000, 0x0000000086e00000|100%| O|  |TAMS 0x0000000086e00000| PB 0x0000000086d00000| Untracked 
| 110|0x0000000086e00000, 0x0000000086f00000, 0x0000000086f00000|100%| O|  |TAMS 0x0000000086f00000| PB 0x0000000086e00000| Untracked 
| 111|0x0000000086f00000, 0x0000000087000000, 0x0000000087000000|100%| O|  |TAMS 0x0000000087000000| PB 0x0000000086f00000| Untracked 
| 112|0x0000000087000000, 0x0000000087100000, 0x0000000087100000|100%| O|  |TAMS 0x0000000087000000| PB 0x0000000087000000| Untracked 
| 113|0x0000000087100000, 0x0000000087200000, 0x0000000087200000|100%| O|  |TAMS 0x0000000087200000| PB 0x0000000087100000| Untracked 
| 114|0x0000000087200000, 0x0000000087300000, 0x0000000087300000|100%| O|  |TAMS 0x0000000087300000| PB 0x0000000087200000| Untracked 
| 115|0x0000000087300000, 0x0000000087400000, 0x0000000087400000|100%| O|  |TAMS 0x0000000087400000| PB 0x0000000087300000| Untracked 
| 116|0x0000000087400000, 0x0000000087500000, 0x0000000087500000|100%| O|  |TAMS 0x0000000087500000| PB 0x0000000087400000| Untracked 
| 117|0x0000000087500000, 0x0000000087600000, 0x0000000087600000|100%| O|  |TAMS 0x0000000087600000| PB 0x0000000087500000| Untracked 
| 118|0x0000000087600000, 0x0000000087700000, 0x0000000087700000|100%| O|  |TAMS 0x0000000087700000| PB 0x0000000087600000| Untracked 
| 119|0x0000000087700000, 0x0000000087800000, 0x0000000087800000|100%| O|  |TAMS 0x0000000087800000| PB 0x0000000087700000| Untracked 
| 120|0x0000000087800000, 0x0000000087900000, 0x0000000087900000|100%| O|  |TAMS 0x0000000087900000| PB 0x0000000087800000| Untracked 
| 121|0x0000000087900000, 0x0000000087a00000, 0x0000000087a00000|100%| O|  |TAMS 0x0000000087a00000| PB 0x0000000087900000| Untracked 
| 122|0x0000000087a00000, 0x0000000087b00000, 0x0000000087b00000|100%| O|  |TAMS 0x0000000087b00000| PB 0x0000000087a00000| Untracked 
| 123|0x0000000087b00000, 0x0000000087c00000, 0x0000000087c00000|100%| O|  |TAMS 0x0000000087c00000| PB 0x0000000087b00000| Untracked 
| 124|0x0000000087c00000, 0x0000000087d00000, 0x0000000087d00000|100%| O|  |TAMS 0x0000000087d00000| PB 0x0000000087c00000| Untracked 
| 125|0x0000000087d00000, 0x0000000087e00000, 0x0000000087e00000|100%| O|  |TAMS 0x0000000087e00000| PB 0x0000000087d00000| Untracked 
| 126|0x0000000087e00000, 0x0000000087f00000, 0x0000000087f00000|100%| O|  |TAMS 0x0000000087f00000| PB 0x0000000087e00000| Untracked 
| 127|0x0000000087f00000, 0x0000000088000000, 0x0000000088000000|100%| O|  |TAMS 0x0000000088000000| PB 0x0000000087f00000| Untracked 
| 128|0x0000000088000000, 0x0000000088100000, 0x0000000088100000|100%| O|  |TAMS 0x0000000088100000| PB 0x0000000088000000| Untracked 
| 129|0x0000000088100000, 0x0000000088200000, 0x0000000088200000|100%| O|  |TAMS 0x0000000088200000| PB 0x0000000088100000| Untracked 
| 130|0x0000000088200000, 0x0000000088300000, 0x0000000088300000|100%| O|  |TAMS 0x0000000088300000| PB 0x0000000088200000| Untracked 
| 131|0x0000000088300000, 0x0000000088400000, 0x0000000088400000|100%| O|  |TAMS 0x0000000088400000| PB 0x0000000088300000| Untracked 
| 132|0x0000000088400000, 0x0000000088500000, 0x0000000088500000|100%| O|  |TAMS 0x0000000088500000| PB 0x0000000088400000| Untracked 
| 133|0x0000000088500000, 0x0000000088600000, 0x0000000088600000|100%| O|  |TAMS 0x0000000088600000| PB 0x0000000088500000| Untracked 
| 134|0x0000000088600000, 0x0000000088700000, 0x0000000088700000|100%| O|  |TAMS 0x0000000088700000| PB 0x0000000088600000| Untracked 
| 135|0x0000000088700000, 0x0000000088800000, 0x0000000088800000|100%| O|  |TAMS 0x0000000088800000| PB 0x0000000088700000| Untracked 
| 136|0x0000000088800000, 0x0000000088900000, 0x0000000088900000|100%| O|  |TAMS 0x0000000088900000| PB 0x0000000088800000| Untracked 
| 137|0x0000000088900000, 0x0000000088a00000, 0x0000000088a00000|100%| O|  |TAMS 0x0000000088a00000| PB 0x0000000088900000| Untracked 
| 138|0x0000000088a00000, 0x0000000088b00000, 0x0000000088b00000|100%| O|  |TAMS 0x0000000088b00000| PB 0x0000000088a00000| Untracked 
| 139|0x0000000088b00000, 0x0000000088c00000, 0x0000000088c00000|100%| O|  |TAMS 0x0000000088c00000| PB 0x0000000088b00000| Untracked 
| 140|0x0000000088c00000, 0x0000000088d00000, 0x0000000088d00000|100%| O|  |TAMS 0x0000000088d00000| PB 0x0000000088c00000| Untracked 
| 141|0x0000000088d00000, 0x0000000088e00000, 0x0000000088e00000|100%| O|  |TAMS 0x0000000088e00000| PB 0x0000000088d00000| Untracked 
| 142|0x0000000088e00000, 0x0000000088f00000, 0x0000000088f00000|100%| O|  |TAMS 0x0000000088f00000| PB 0x0000000088e00000| Untracked 
| 143|0x0000000088f00000, 0x0000000089000000, 0x0000000089000000|100%| O|  |TAMS 0x0000000089000000| PB 0x0000000088f00000| Untracked 
| 144|0x0000000089000000, 0x0000000089100000, 0x0000000089100000|100%| O|  |TAMS 0x0000000089100000| PB 0x0000000089000000| Untracked 
| 145|0x0000000089100000, 0x0000000089200000, 0x0000000089200000|100%| O|  |TAMS 0x0000000089100000| PB 0x0000000089100000| Untracked 
| 146|0x0000000089200000, 0x0000000089300000, 0x0000000089300000|100%| O|  |TAMS 0x0000000089300000| PB 0x0000000089200000| Untracked 
| 147|0x0000000089300000, 0x0000000089400000, 0x0000000089400000|100%| O|  |TAMS 0x0000000089400000| PB 0x0000000089300000| Untracked 
| 148|0x0000000089400000, 0x0000000089500000, 0x0000000089500000|100%| O|  |TAMS 0x0000000089500000| PB 0x0000000089400000| Untracked 
| 149|0x0000000089500000, 0x0000000089600000, 0x0000000089600000|100%| O|  |TAMS 0x0000000089600000| PB 0x0000000089500000| Untracked 
| 150|0x0000000089600000, 0x0000000089700000, 0x0000000089700000|100%| O|  |TAMS 0x0000000089700000| PB 0x0000000089600000| Untracked 
| 151|0x0000000089700000, 0x0000000089800000, 0x0000000089800000|100%| O|  |TAMS 0x0000000089800000| PB 0x0000000089700000| Untracked 
| 152|0x0000000089800000, 0x0000000089900000, 0x0000000089900000|100%| O|  |TAMS 0x0000000089900000| PB 0x0000000089800000| Untracked 
| 153|0x0000000089900000, 0x0000000089a00000, 0x0000000089a00000|100%| O|  |TAMS 0x0000000089a00000| PB 0x0000000089900000| Untracked 
| 154|0x0000000089a00000, 0x0000000089b00000, 0x0000000089b00000|100%| O|  |TAMS 0x0000000089b00000| PB 0x0000000089a00000| Untracked 
| 155|0x0000000089b00000, 0x0000000089c00000, 0x0000000089c00000|100%| O|  |TAMS 0x0000000089c00000| PB 0x0000000089b00000| Untracked 
| 156|0x0000000089c00000, 0x0000000089d00000, 0x0000000089d00000|100%| O|  |TAMS 0x0000000089d00000| PB 0x0000000089c00000| Untracked 
| 157|0x0000000089d00000, 0x0000000089e00000, 0x0000000089e00000|100%| O|  |TAMS 0x0000000089e00000| PB 0x0000000089d00000| Untracked 
| 158|0x0000000089e00000, 0x0000000089f00000, 0x0000000089f00000|100%| O|  |TAMS 0x0000000089f00000| PB 0x0000000089e00000| Untracked 
| 159|0x0000000089f00000, 0x000000008a000000, 0x000000008a000000|100%| O|  |TAMS 0x000000008a000000| PB 0x0000000089f00000| Untracked 
| 160|0x000000008a000000, 0x000000008a100000, 0x000000008a100000|100%| O|  |TAMS 0x000000008a100000| PB 0x000000008a000000| Untracked 
| 161|0x000000008a100000, 0x000000008a200000, 0x000000008a200000|100%| O|  |TAMS 0x000000008a200000| PB 0x000000008a100000| Untracked 
| 162|0x000000008a200000, 0x000000008a300000, 0x000000008a300000|100%| O|  |TAMS 0x000000008a300000| PB 0x000000008a200000| Untracked 
| 163|0x000000008a300000, 0x000000008a400000, 0x000000008a400000|100%| O|  |TAMS 0x000000008a400000| PB 0x000000008a300000| Untracked 
| 164|0x000000008a400000, 0x000000008a500000, 0x000000008a500000|100%| O|  |TAMS 0x000000008a500000| PB 0x000000008a400000| Untracked 
| 165|0x000000008a500000, 0x000000008a600000, 0x000000008a600000|100%| O|  |TAMS 0x000000008a600000| PB 0x000000008a500000| Untracked 
| 166|0x000000008a600000, 0x000000008a700000, 0x000000008a700000|100%| O|  |TAMS 0x000000008a700000| PB 0x000000008a600000| Untracked 
| 167|0x000000008a700000, 0x000000008a800000, 0x000000008a800000|100%| O|  |TAMS 0x000000008a800000| PB 0x000000008a700000| Untracked 
| 168|0x000000008a800000, 0x000000008a900000, 0x000000008a900000|100%| O|  |TAMS 0x000000008a900000| PB 0x000000008a800000| Untracked 
| 169|0x000000008a900000, 0x000000008aa00000, 0x000000008aa00000|100%| O|  |TAMS 0x000000008aa00000| PB 0x000000008a900000| Untracked 
| 170|0x000000008aa00000, 0x000000008ab00000, 0x000000008ab00000|100%| O|  |TAMS 0x000000008ab00000| PB 0x000000008aa00000| Untracked 
| 171|0x000000008ab00000, 0x000000008ac00000, 0x000000008ac00000|100%| O|  |TAMS 0x000000008ac00000| PB 0x000000008ab00000| Untracked 
| 172|0x000000008ac00000, 0x000000008ad00000, 0x000000008ad00000|100%| O|  |TAMS 0x000000008ad00000| PB 0x000000008ac00000| Untracked 
| 173|0x000000008ad00000, 0x000000008ae00000, 0x000000008ae00000|100%| O|  |TAMS 0x000000008ae00000| PB 0x000000008ad00000| Untracked 
| 174|0x000000008ae00000, 0x000000008af00000, 0x000000008af00000|100%| O|  |TAMS 0x000000008af00000| PB 0x000000008ae00000| Untracked 
| 175|0x000000008af00000, 0x000000008b000000, 0x000000008b000000|100%| O|  |TAMS 0x000000008b000000| PB 0x000000008af00000| Untracked 
| 176|0x000000008b000000, 0x000000008b100000, 0x000000008b100000|100%| O|  |TAMS 0x000000008b100000| PB 0x000000008b000000| Untracked 
| 177|0x000000008b100000, 0x000000008b200000, 0x000000008b200000|100%| O|  |TAMS 0x000000008b200000| PB 0x000000008b100000| Untracked 
| 178|0x000000008b200000, 0x000000008b300000, 0x000000008b300000|100%| O|  |TAMS 0x000000008b300000| PB 0x000000008b200000| Untracked 
| 179|0x000000008b300000, 0x000000008b400000, 0x000000008b400000|100%| O|  |TAMS 0x000000008b400000| PB 0x000000008b300000| Untracked 
| 180|0x000000008b400000, 0x000000008b500000, 0x000000008b500000|100%| O|  |TAMS 0x000000008b500000| PB 0x000000008b400000| Untracked 
| 181|0x000000008b500000, 0x000000008b600000, 0x000000008b600000|100%| O|  |TAMS 0x000000008b600000| PB 0x000000008b500000| Untracked 
| 182|0x000000008b600000, 0x000000008b700000, 0x000000008b700000|100%| O|  |TAMS 0x000000008b700000| PB 0x000000008b600000| Untracked 
| 183|0x000000008b700000, 0x000000008b800000, 0x000000008b800000|100%| O|  |TAMS 0x000000008b800000| PB 0x000000008b700000| Untracked 
| 184|0x000000008b800000, 0x000000008b900000, 0x000000008b900000|100%| O|  |TAMS 0x000000008b900000| PB 0x000000008b800000| Untracked 
| 185|0x000000008b900000, 0x000000008ba00000, 0x000000008ba00000|100%| O|  |TAMS 0x000000008ba00000| PB 0x000000008b900000| Untracked 
| 186|0x000000008ba00000, 0x000000008bb00000, 0x000000008bb00000|100%| O|  |TAMS 0x000000008bb00000| PB 0x000000008ba00000| Untracked 
| 187|0x000000008bb00000, 0x000000008bc00000, 0x000000008bc00000|100%| O|  |TAMS 0x000000008bc00000| PB 0x000000008bb00000| Untracked 
| 188|0x000000008bc00000, 0x000000008bd00000, 0x000000008bd00000|100%| O|  |TAMS 0x000000008bd00000| PB 0x000000008bc00000| Untracked 
| 189|0x000000008bd00000, 0x000000008be00000, 0x000000008be00000|100%| O|  |TAMS 0x000000008be00000| PB 0x000000008bd00000| Untracked 
| 190|0x000000008be00000, 0x000000008bf00000, 0x000000008bf00000|100%| O|  |TAMS 0x000000008bf00000| PB 0x000000008be00000| Untracked 
| 191|0x000000008bf00000, 0x000000008c000000, 0x000000008c000000|100%| O|  |TAMS 0x000000008c000000| PB 0x000000008bf00000| Untracked 
| 192|0x000000008c000000, 0x000000008c100000, 0x000000008c100000|100%| O|  |TAMS 0x000000008c100000| PB 0x000000008c000000| Untracked 
| 193|0x000000008c100000, 0x000000008c200000, 0x000000008c200000|100%| O|  |TAMS 0x000000008c200000| PB 0x000000008c100000| Untracked 
| 194|0x000000008c200000, 0x000000008c300000, 0x000000008c300000|100%| O|  |TAMS 0x000000008c300000| PB 0x000000008c200000| Untracked 
| 195|0x000000008c300000, 0x000000008c400000, 0x000000008c400000|100%| O|  |TAMS 0x000000008c400000| PB 0x000000008c300000| Untracked 
| 196|0x000000008c400000, 0x000000008c500000, 0x000000008c500000|100%| O|  |TAMS 0x000000008c500000| PB 0x000000008c400000| Untracked 
| 197|0x000000008c500000, 0x000000008c600000, 0x000000008c600000|100%| O|  |TAMS 0x000000008c600000| PB 0x000000008c500000| Untracked 
| 198|0x000000008c600000, 0x000000008c700000, 0x000000008c700000|100%| O|  |TAMS 0x000000008c700000| PB 0x000000008c600000| Untracked 
| 199|0x000000008c700000, 0x000000008c800000, 0x000000008c800000|100%| O|  |TAMS 0x000000008c800000| PB 0x000000008c700000| Untracked 
| 200|0x000000008c800000, 0x000000008c900000, 0x000000008c900000|100%| O|  |TAMS 0x000000008c900000| PB 0x000000008c800000| Untracked 
| 201|0x000000008c900000, 0x000000008ca00000, 0x000000008ca00000|100%| O|  |TAMS 0x000000008ca00000| PB 0x000000008c900000| Untracked 
| 202|0x000000008ca00000, 0x000000008cb00000, 0x000000008cb00000|100%| O|  |TAMS 0x000000008cb00000| PB 0x000000008ca00000| Untracked 
| 203|0x000000008cb00000, 0x000000008cc00000, 0x000000008cc00000|100%| O|  |TAMS 0x000000008cc00000| PB 0x000000008cb00000| Untracked 
| 204|0x000000008cc00000, 0x000000008cd00000, 0x000000008cd00000|100%| O|  |TAMS 0x000000008cd00000| PB 0x000000008cc00000| Untracked 
| 205|0x000000008cd00000, 0x000000008ce00000, 0x000000008ce00000|100%| O|  |TAMS 0x000000008cd00000| PB 0x000000008cd00000| Untracked 
| 206|0x000000008ce00000, 0x000000008cf00000, 0x000000008cf00000|100%| O|  |TAMS 0x000000008ce00000| PB 0x000000008ce00000| Untracked 
| 207|0x000000008cf00000, 0x000000008d000000, 0x000000008d000000|100%| O|  |TAMS 0x000000008cf00000| PB 0x000000008cf00000| Untracked 
| 208|0x000000008d000000, 0x000000008d100000, 0x000000008d100000|100%| O|  |TAMS 0x000000008d000000| PB 0x000000008d000000| Untracked 
| 209|0x000000008d100000, 0x000000008d200000, 0x000000008d200000|100%| O|  |TAMS 0x000000008d100000| PB 0x000000008d100000| Untracked 
| 210|0x000000008d200000, 0x000000008d300000, 0x000000008d300000|100%| O|  |TAMS 0x000000008d200000| PB 0x000000008d200000| Untracked 
| 211|0x000000008d300000, 0x000000008d400000, 0x000000008d400000|100%| O|  |TAMS 0x000000008d300000| PB 0x000000008d300000| Untracked 
| 212|0x000000008d400000, 0x000000008d500000, 0x000000008d500000|100%| O|  |TAMS 0x000000008d400000| PB 0x000000008d400000| Untracked 
| 213|0x000000008d500000, 0x000000008d600000, 0x000000008d600000|100%| O|  |TAMS 0x000000008d500000| PB 0x000000008d500000| Untracked 
| 214|0x000000008d600000, 0x000000008d600000, 0x000000008d700000|  0%| F|  |TAMS 0x000000008d600000| PB 0x000000008d600000| Untracked 
| 215|0x000000008d700000, 0x000000008d700000, 0x000000008d800000|  0%| F|  |TAMS 0x000000008d700000| PB 0x000000008d700000| Untracked 
| 216|0x000000008d800000, 0x000000008d800000, 0x000000008d900000|  0%| F|  |TAMS 0x000000008d800000| PB 0x000000008d800000| Untracked 
| 217|0x000000008d900000, 0x000000008d900000, 0x000000008da00000|  0%| F|  |TAMS 0x000000008d900000| PB 0x000000008d900000| Untracked 
| 218|0x000000008da00000, 0x000000008da00000, 0x000000008db00000|  0%| F|  |TAMS 0x000000008da00000| PB 0x000000008da00000| Untracked 
| 219|0x000000008db00000, 0x000000008db00000, 0x000000008dc00000|  0%| F|  |TAMS 0x000000008db00000| PB 0x000000008db00000| Untracked 
| 220|0x000000008dc00000, 0x000000008dc00000, 0x000000008dd00000|  0%| F|  |TAMS 0x000000008dc00000| PB 0x000000008dc00000| Untracked 
| 221|0x000000008dd00000, 0x000000008dd00000, 0x000000008de00000|  0%| F|  |TAMS 0x000000008dd00000| PB 0x000000008dd00000| Untracked 
| 222|0x000000008de00000, 0x000000008de00000, 0x000000008df00000|  0%| F|  |TAMS 0x000000008de00000| PB 0x000000008de00000| Untracked 
| 223|0x000000008df00000, 0x000000008df00000, 0x000000008e000000|  0%| F|  |TAMS 0x000000008df00000| PB 0x000000008df00000| Untracked 
| 224|0x000000008e000000, 0x000000008e000000, 0x000000008e100000|  0%| F|  |TAMS 0x000000008e000000| PB 0x000000008e000000| Untracked 
| 225|0x000000008e100000, 0x000000008e100000, 0x000000008e200000|  0%| F|  |TAMS 0x000000008e100000| PB 0x000000008e100000| Untracked 
| 226|0x000000008e200000, 0x000000008e300000, 0x000000008e300000|100%| O|  |TAMS 0x000000008e200000| PB 0x000000008e200000| Untracked 
| 227|0x000000008e300000, 0x000000008e400000, 0x000000008e400000|100%| O|  |TAMS 0x000000008e300000| PB 0x000000008e300000| Untracked 
| 228|0x000000008e400000, 0x000000008e500000, 0x000000008e500000|100%| O|  |TAMS 0x000000008e400000| PB 0x000000008e400000| Untracked 
| 229|0x000000008e500000, 0x000000008e600000, 0x000000008e600000|100%| O|  |TAMS 0x000000008e500000| PB 0x000000008e500000| Untracked 
| 230|0x000000008e600000, 0x000000008e700000, 0x000000008e700000|100%| O|  |TAMS 0x000000008e600000| PB 0x000000008e600000| Untracked 
| 231|0x000000008e700000, 0x000000008e780000, 0x000000008e800000| 50%| O|  |TAMS 0x000000008e700000| PB 0x000000008e700000| Untracked 
| 232|0x000000008e800000, 0x000000008e800000, 0x000000008e900000|  0%| F|  |TAMS 0x000000008e800000| PB 0x000000008e800000| Untracked 
| 233|0x000000008e900000, 0x000000008e900000, 0x000000008ea00000|  0%| F|  |TAMS 0x000000008e900000| PB 0x000000008e900000| Untracked 
| 234|0x000000008ea00000, 0x000000008ea00000, 0x000000008eb00000|  0%| F|  |TAMS 0x000000008ea00000| PB 0x000000008ea00000| Untracked 
| 235|0x000000008eb00000, 0x000000008eb00000, 0x000000008ec00000|  0%| F|  |TAMS 0x000000008eb00000| PB 0x000000008eb00000| Untracked 
| 236|0x000000008ec00000, 0x000000008ec00000, 0x000000008ed00000|  0%| F|  |TAMS 0x000000008ec00000| PB 0x000000008ec00000| Untracked 
| 237|0x000000008ed00000, 0x000000008ed00000, 0x000000008ee00000|  0%| F|  |TAMS 0x000000008ed00000| PB 0x000000008ed00000| Untracked 
| 238|0x000000008ee00000, 0x000000008ee00000, 0x000000008ef00000|  0%| F|  |TAMS 0x000000008ee00000| PB 0x000000008ee00000| Untracked 
| 239|0x000000008ef00000, 0x000000008ef00000, 0x000000008f000000|  0%| F|  |TAMS 0x000000008ef00000| PB 0x000000008ef00000| Untracked 
| 240|0x000000008f000000, 0x000000008f000000, 0x000000008f100000|  0%| F|  |TAMS 0x000000008f000000| PB 0x000000008f000000| Untracked 
| 241|0x000000008f100000, 0x000000008f200000, 0x000000008f200000|100%| S|CS|TAMS 0x000000008f100000| PB 0x000000008f100000| Complete 
| 242|0x000000008f200000, 0x000000008f300000, 0x000000008f300000|100%| S|CS|TAMS 0x000000008f200000| PB 0x000000008f200000| Complete 
| 243|0x000000008f300000, 0x000000008f400000, 0x000000008f400000|100%| S|CS|TAMS 0x000000008f300000| PB 0x000000008f300000| Complete 
| 244|0x000000008f400000, 0x000000008f500000, 0x000000008f500000|100%| S|CS|TAMS 0x000000008f400000| PB 0x000000008f400000| Complete 
| 245|0x000000008f500000, 0x000000008f600000, 0x000000008f600000|100%| S|CS|TAMS 0x000000008f500000| PB 0x000000008f500000| Complete 
| 246|0x000000008f600000, 0x000000008f700000, 0x000000008f700000|100%| S|CS|TAMS 0x000000008f600000| PB 0x000000008f600000| Complete 
| 247|0x000000008f700000, 0x000000008f800000, 0x000000008f800000|100%| S|CS|TAMS 0x000000008f700000| PB 0x000000008f700000| Complete 
| 248|0x000000008f800000, 0x000000008f900000, 0x000000008f900000|100%| S|CS|TAMS 0x000000008f800000| PB 0x000000008f800000| Complete 
| 249|0x000000008f900000, 0x000000008fa00000, 0x000000008fa00000|100%| S|CS|TAMS 0x000000008f900000| PB 0x000000008f900000| Complete 
| 250|0x000000008fa00000, 0x000000008fb00000, 0x000000008fb00000|100%| S|CS|TAMS 0x000000008fa00000| PB 0x000000008fa00000| Complete 
| 251|0x000000008fb00000, 0x000000008fb00000, 0x000000008fc00000|  0%| F|  |TAMS 0x000000008fb00000| PB 0x000000008fb00000| Untracked 
| 252|0x000000008fc00000, 0x000000008fc00000, 0x000000008fd00000|  0%| F|  |TAMS 0x000000008fc00000| PB 0x000000008fc00000| Untracked 
| 253|0x000000008fd00000, 0x000000008fd00000, 0x000000008fe00000|  0%| F|  |TAMS 0x000000008fd00000| PB 0x000000008fd00000| Untracked 
| 254|0x000000008fe00000, 0x000000008fe00000, 0x000000008ff00000|  0%| F|  |TAMS 0x000000008fe00000| PB 0x000000008fe00000| Untracked 
| 255|0x000000008ff00000, 0x000000008ff00000, 0x0000000090000000|  0%| F|  |TAMS 0x000000008ff00000| PB 0x000000008ff00000| Untracked 
| 256|0x0000000090000000, 0x0000000090000000, 0x0000000090100000|  0%| F|  |TAMS 0x0000000090000000| PB 0x0000000090000000| Untracked 
| 257|0x0000000090100000, 0x0000000090100000, 0x0000000090200000|  0%| F|  |TAMS 0x0000000090100000| PB 0x0000000090100000| Untracked 
| 258|0x0000000090200000, 0x0000000090200000, 0x0000000090300000|  0%| F|  |TAMS 0x0000000090200000| PB 0x0000000090200000| Untracked 
| 259|0x0000000090300000, 0x0000000090300000, 0x0000000090400000|  0%| F|  |TAMS 0x0000000090300000| PB 0x0000000090300000| Untracked 
| 260|0x0000000090400000, 0x0000000090400000, 0x0000000090500000|  0%| F|  |TAMS 0x0000000090400000| PB 0x0000000090400000| Untracked 
| 261|0x0000000090500000, 0x0000000090500000, 0x0000000090600000|  0%| F|  |TAMS 0x0000000090500000| PB 0x0000000090500000| Untracked 
| 262|0x0000000090600000, 0x0000000090600000, 0x0000000090700000|  0%| F|  |TAMS 0x0000000090600000| PB 0x0000000090600000| Untracked 
| 263|0x0000000090700000, 0x0000000090700000, 0x0000000090800000|  0%| F|  |TAMS 0x0000000090700000| PB 0x0000000090700000| Untracked 
| 264|0x0000000090800000, 0x0000000090800000, 0x0000000090900000|  0%| F|  |TAMS 0x0000000090800000| PB 0x0000000090800000| Untracked 
| 265|0x0000000090900000, 0x0000000090900000, 0x0000000090a00000|  0%| F|  |TAMS 0x0000000090900000| PB 0x0000000090900000| Untracked 
| 266|0x0000000090a00000, 0x0000000090a00000, 0x0000000090b00000|  0%| F|  |TAMS 0x0000000090a00000| PB 0x0000000090a00000| Untracked 
| 267|0x0000000090b00000, 0x0000000090b00000, 0x0000000090c00000|  0%| F|  |TAMS 0x0000000090b00000| PB 0x0000000090b00000| Untracked 
| 268|0x0000000090c00000, 0x0000000090c00000, 0x0000000090d00000|  0%| F|  |TAMS 0x0000000090c00000| PB 0x0000000090c00000| Untracked 
| 269|0x0000000090d00000, 0x0000000090d00000, 0x0000000090e00000|  0%| F|  |TAMS 0x0000000090d00000| PB 0x0000000090d00000| Untracked 
| 270|0x0000000090e00000, 0x0000000090e00000, 0x0000000090f00000|  0%| F|  |TAMS 0x0000000090e00000| PB 0x0000000090e00000| Untracked 
| 271|0x0000000090f00000, 0x0000000090f00000, 0x0000000091000000|  0%| F|  |TAMS 0x0000000090f00000| PB 0x0000000090f00000| Untracked 
| 272|0x0000000091000000, 0x0000000091000000, 0x0000000091100000|  0%| F|  |TAMS 0x0000000091000000| PB 0x0000000091000000| Untracked 
| 273|0x0000000091100000, 0x0000000091100000, 0x0000000091200000|  0%| F|  |TAMS 0x0000000091100000| PB 0x0000000091100000| Untracked 
| 274|0x0000000091200000, 0x0000000091200000, 0x0000000091300000|  0%| F|  |TAMS 0x0000000091200000| PB 0x0000000091200000| Untracked 
| 275|0x0000000091300000, 0x0000000091300000, 0x0000000091400000|  0%| F|  |TAMS 0x0000000091300000| PB 0x0000000091300000| Untracked 
| 276|0x0000000091400000, 0x0000000091400000, 0x0000000091500000|  0%| F|  |TAMS 0x0000000091400000| PB 0x0000000091400000| Untracked 
| 277|0x0000000091500000, 0x0000000091500000, 0x0000000091600000|  0%| F|  |TAMS 0x0000000091500000| PB 0x0000000091500000| Untracked 
| 278|0x0000000091600000, 0x0000000091600000, 0x0000000091700000|  0%| F|  |TAMS 0x0000000091600000| PB 0x0000000091600000| Untracked 
| 279|0x0000000091700000, 0x0000000091700000, 0x0000000091800000|  0%| F|  |TAMS 0x0000000091700000| PB 0x0000000091700000| Untracked 
| 280|0x0000000091800000, 0x0000000091800000, 0x0000000091900000|  0%| F|  |TAMS 0x0000000091800000| PB 0x0000000091800000| Untracked 
| 281|0x0000000091900000, 0x0000000091900000, 0x0000000091a00000|  0%| F|  |TAMS 0x0000000091900000| PB 0x0000000091900000| Untracked 
| 282|0x0000000091a00000, 0x0000000091a00000, 0x0000000091b00000|  0%| F|  |TAMS 0x0000000091a00000| PB 0x0000000091a00000| Untracked 
| 283|0x0000000091b00000, 0x0000000091b00000, 0x0000000091c00000|  0%| F|  |TAMS 0x0000000091b00000| PB 0x0000000091b00000| Untracked 
| 284|0x0000000091c00000, 0x0000000091c00000, 0x0000000091d00000|  0%| F|  |TAMS 0x0000000091c00000| PB 0x0000000091c00000| Untracked 
| 285|0x0000000091d00000, 0x0000000091d00000, 0x0000000091e00000|  0%| F|  |TAMS 0x0000000091d00000| PB 0x0000000091d00000| Untracked 
| 286|0x0000000091e00000, 0x0000000091e00000, 0x0000000091f00000|  0%| F|  |TAMS 0x0000000091e00000| PB 0x0000000091e00000| Untracked 
| 287|0x0000000091f00000, 0x0000000091f00000, 0x0000000092000000|  0%| F|  |TAMS 0x0000000091f00000| PB 0x0000000091f00000| Untracked 
| 288|0x0000000092000000, 0x0000000092000000, 0x0000000092100000|  0%| F|  |TAMS 0x0000000092000000| PB 0x0000000092000000| Untracked 
| 289|0x0000000092100000, 0x0000000092100000, 0x0000000092200000|  0%| F|  |TAMS 0x0000000092100000| PB 0x0000000092100000| Untracked 
| 290|0x0000000092200000, 0x0000000092200000, 0x0000000092300000|  0%| F|  |TAMS 0x0000000092200000| PB 0x0000000092200000| Untracked 
| 291|0x0000000092300000, 0x0000000092300000, 0x0000000092400000|  0%| F|  |TAMS 0x0000000092300000| PB 0x0000000092300000| Untracked 
| 292|0x0000000092400000, 0x0000000092400000, 0x0000000092500000|  0%| F|  |TAMS 0x0000000092400000| PB 0x0000000092400000| Untracked 
| 293|0x0000000092500000, 0x0000000092500000, 0x0000000092600000|  0%| F|  |TAMS 0x0000000092500000| PB 0x0000000092500000| Untracked 
| 294|0x0000000092600000, 0x0000000092600000, 0x0000000092700000|  0%| F|  |TAMS 0x0000000092600000| PB 0x0000000092600000| Untracked 
| 295|0x0000000092700000, 0x0000000092700000, 0x0000000092800000|  0%| F|  |TAMS 0x0000000092700000| PB 0x0000000092700000| Untracked 
| 296|0x0000000092800000, 0x0000000092800000, 0x0000000092900000|  0%| F|  |TAMS 0x0000000092800000| PB 0x0000000092800000| Untracked 
| 297|0x0000000092900000, 0x0000000092900000, 0x0000000092a00000|  0%| F|  |TAMS 0x0000000092900000| PB 0x0000000092900000| Untracked 
| 298|0x0000000092a00000, 0x0000000092a00000, 0x0000000092b00000|  0%| F|  |TAMS 0x0000000092a00000| PB 0x0000000092a00000| Untracked 
| 299|0x0000000092b00000, 0x0000000092b00000, 0x0000000092c00000|  0%| F|  |TAMS 0x0000000092b00000| PB 0x0000000092b00000| Untracked 
| 300|0x0000000092c00000, 0x0000000092c00000, 0x0000000092d00000|  0%| F|  |TAMS 0x0000000092c00000| PB 0x0000000092c00000| Untracked 
| 301|0x0000000092d00000, 0x0000000092d00000, 0x0000000092e00000|  0%| F|  |TAMS 0x0000000092d00000| PB 0x0000000092d00000| Untracked 
| 302|0x0000000092e00000, 0x0000000092e00000, 0x0000000092f00000|  0%| F|  |TAMS 0x0000000092e00000| PB 0x0000000092e00000| Untracked 
| 303|0x0000000092f00000, 0x0000000092f00000, 0x0000000093000000|  0%| F|  |TAMS 0x0000000092f00000| PB 0x0000000092f00000| Untracked 
| 304|0x0000000093000000, 0x0000000093000000, 0x0000000093100000|  0%| F|  |TAMS 0x0000000093000000| PB 0x0000000093000000| Untracked 
| 305|0x0000000093100000, 0x0000000093100000, 0x0000000093200000|  0%| F|  |TAMS 0x0000000093100000| PB 0x0000000093100000| Untracked 
| 306|0x0000000093200000, 0x0000000093200000, 0x0000000093300000|  0%| F|  |TAMS 0x0000000093200000| PB 0x0000000093200000| Untracked 
| 307|0x0000000093300000, 0x0000000093300000, 0x0000000093400000|  0%| F|  |TAMS 0x0000000093300000| PB 0x0000000093300000| Untracked 
| 308|0x0000000093400000, 0x0000000093400000, 0x0000000093500000|  0%| F|  |TAMS 0x0000000093400000| PB 0x0000000093400000| Untracked 
| 309|0x0000000093500000, 0x0000000093500000, 0x0000000093600000|  0%| F|  |TAMS 0x0000000093500000| PB 0x0000000093500000| Untracked 
| 310|0x0000000093600000, 0x0000000093600000, 0x0000000093700000|  0%| F|  |TAMS 0x0000000093600000| PB 0x0000000093600000| Untracked 
| 311|0x0000000093700000, 0x0000000093700000, 0x0000000093800000|  0%| F|  |TAMS 0x0000000093700000| PB 0x0000000093700000| Untracked 
| 312|0x0000000093800000, 0x0000000093800000, 0x0000000093900000|  0%| F|  |TAMS 0x0000000093800000| PB 0x0000000093800000| Untracked 
| 313|0x0000000093900000, 0x0000000093900000, 0x0000000093a00000|  0%| F|  |TAMS 0x0000000093900000| PB 0x0000000093900000| Untracked 
|2030|0x00000000fee00000, 0x00000000fef00000, 0x00000000fef00000|100%| O|  |TAMS 0x00000000fef00000| PB 0x00000000fee00000| Untracked 
|2031|0x00000000fef00000, 0x00000000fef00000, 0x00000000ff000000|  0%| F|  |TAMS 0x00000000fef00000| PB 0x00000000fef00000| Untracked 
|2032|0x00000000ff000000, 0x00000000ff000000, 0x00000000ff100000|  0%| F|  |TAMS 0x00000000ff000000| PB 0x00000000ff000000| Untracked 
|2033|0x00000000ff100000, 0x00000000ff200000, 0x00000000ff200000|100%| O|  |TAMS 0x00000000ff200000| PB 0x00000000ff100000| Untracked 
|2034|0x00000000ff200000, 0x00000000ff300000, 0x00000000ff300000|100%| O|  |TAMS 0x00000000ff300000| PB 0x00000000ff200000| Untracked 
|2035|0x00000000ff300000, 0x00000000ff400000, 0x00000000ff400000|100%| O|  |TAMS 0x00000000ff400000| PB 0x00000000ff300000| Untracked 
|2036|0x00000000ff400000, 0x00000000ff500000, 0x00000000ff500000|100%| O|  |TAMS 0x00000000ff500000| PB 0x00000000ff400000| Untracked 
|2037|0x00000000ff500000, 0x00000000ff500000, 0x00000000ff600000|  0%| F|  |TAMS 0x00000000ff500000| PB 0x00000000ff500000| Untracked 
|2038|0x00000000ff600000, 0x00000000ff700000, 0x00000000ff700000|100%| O|  |TAMS 0x00000000ff700000| PB 0x00000000ff600000| Untracked 
|2039|0x00000000ff700000, 0x00000000ff800000, 0x00000000ff800000|100%| O|  |TAMS 0x00000000ff800000| PB 0x00000000ff700000| Untracked 
|2040|0x00000000ff800000, 0x00000000ff900000, 0x00000000ff900000|100%| O|  |TAMS 0x00000000ff900000| PB 0x00000000ff800000| Untracked 
|2041|0x00000000ff900000, 0x00000000ffa00000, 0x00000000ffa00000|100%| O|  |TAMS 0x00000000ffa00000| PB 0x00000000ff900000| Untracked 
|2042|0x00000000ffa00000, 0x00000000ffb00000, 0x00000000ffb00000|100%| O|  |TAMS 0x00000000ffb00000| PB 0x00000000ffa00000| Untracked 
|2043|0x00000000ffb00000, 0x00000000ffc00000, 0x00000000ffc00000|100%| O|  |TAMS 0x00000000ffc00000| PB 0x00000000ffb00000| Untracked 
|2044|0x00000000ffc00000, 0x00000000ffd00000, 0x00000000ffd00000|100%| O|  |TAMS 0x00000000ffd00000| PB 0x00000000ffc00000| Untracked 
|2045|0x00000000ffd00000, 0x00000000ffe00000, 0x00000000ffe00000|100%| O|  |TAMS 0x00000000ffe00000| PB 0x00000000ffd00000| Untracked 
|2046|0x00000000ffe00000, 0x00000000ffe00000, 0x00000000fff00000|  0%| F|  |TAMS 0x00000000ffe00000| PB 0x00000000ffe00000| Untracked 
|2047|0x00000000fff00000, 0x0000000100000000, 0x0000000100000000|100%| O|  |TAMS 0x0000000100000000| PB 0x00000000fff00000| Untracked 

Card table byte_map: [0x000001f6c9f90000,0x000001f6ca390000] _byte_map_base: 0x000001f6c9b90000

Marking Bits: (CMBitMap*) 0x000001f6b5c7e620
 Bits: [0x000001f6ca390000, 0x000001f6cc390000)

Polling page: 0x000001f6b5cf0000

Metaspace:

Usage:
  Non-class:    113.18 MB used.
      Class:     17.59 MB used.
       Both:    130.78 MB used.

Virtual space:
  Non-class space:      128.00 MB reserved,     114.25 MB ( 89%) committed,  2 nodes.
      Class space:        1.00 GB reserved,      18.69 MB (  2%) committed,  1 nodes.
             Both:        1.12 GB reserved,     132.94 MB ( 12%) committed. 

Chunk freelists:
   Non-Class:  13.69 MB
       Class:  13.31 MB
        Both:  27.00 MB

MaxMetaspaceSize: unlimited
CompressedClassSpaceSize: 1.00 GB
Initial GC threshold: 21.00 MB
Current GC threshold: 217.62 MB
CDS: off
 - commit_granule_bytes: 65536.
 - commit_granule_words: 8192.
 - virtual_space_node_default_size: 8388608.
 - enlarge_chunks_in_place: 1.
 - use_allocation_guard: 0.


Internal statistics:

num_allocs_failed_limit: 12.
num_arena_births: 4324.
num_arena_deaths: 0.
num_vsnodes_births: 3.
num_vsnodes_deaths: 0.
num_space_committed: 2125.
num_space_uncommitted: 0.
num_chunks_returned_to_freelist: 12.
num_chunks_taken_from_freelist: 9890.
num_chunk_merges: 12.
num_chunk_splits: 6572.
num_chunks_enlarged: 4254.
num_inconsistent_stats: 0.

CodeHeap 'non-profiled nmethods': size=120000Kb used=11942Kb max_used=11942Kb free=108057Kb
 bounds [0x000001f6c2040000, 0x000001f6c2c10000, 0x000001f6c9570000]
CodeHeap 'profiled nmethods': size=120000Kb used=28563Kb max_used=30232Kb free=91436Kb
 bounds [0x000001f6ba570000, 0x000001f6bc360000, 0x000001f6c1aa0000]
CodeHeap 'non-nmethods': size=5760Kb used=2170Kb max_used=2266Kb free=3589Kb
 bounds [0x000001f6c1aa0000, 0x000001f6c1d10000, 0x000001f6c2040000]
 total_blobs=15969 nmethods=15071 adapters=801
 compilation: enabled
              stopped_count=0, restarted_count=0
 full_count=0

Compilation events (20 events):
Event: 39.301 Thread 0x000001f6d4b9eb10 nmethod 19322 0x000001f6c2b5ae10 code [0x000001f6c2b5b0a0, 0x000001f6c2b5bb38]
Event: 39.301 Thread 0x000001f6d4b9eb10 19323       4       com.android.tools.r8.internal.Gd::a (27 bytes)
Event: 39.301 Thread 0x000001f6d4b9eb10 nmethod 19323 0x000001f6c23f7a90 code [0x000001f6c23f7c20, 0x000001f6c23f7cc8]
Event: 39.311 Thread 0x000001f6cec424a0 nmethod 19172% 0x000001f6c2be3590 code [0x000001f6c2be3f60, 0x000001f6c2bef118]
Event: 39.319 Thread 0x000001f6cec46f50 19324       3       java.lang.invoke.MethodHandle::asCollectorChecks (75 bytes)
Event: 39.319 Thread 0x000001f6cec46f50 nmethod 19324 0x000001f6ba58ae10 code [0x000001f6ba58b020, 0x000001f6ba58b678]
Event: 39.319 Thread 0x000001f6cec46f50 19325       3       java.lang.invoke.MethodHandleImpl::makeVarargsCollector (47 bytes)
Event: 39.320 Thread 0x000001f6cec424a0 19328 %     4       com.android.tools.r8.internal.vd::a @ 4917 (6886 bytes)
Event: 39.320 Thread 0x000001f6cec46f50 nmethod 19325 0x000001f6bbb79610 code [0x000001f6bbb79880, 0x000001f6bbb7a440]
Event: 39.320 Thread 0x000001f6cec46f50 19326       3       java.lang.invoke.MethodHandleImpl$AsVarargsCollector::<init> (17 bytes)
Event: 39.320 Thread 0x000001f6cec46f50 nmethod 19326 0x000001f6ba94cd90 code [0x000001f6ba94cf80, 0x000001f6ba94d490]
Event: 39.320 Thread 0x000001f6cec46f50 19327       3       java.lang.invoke.MethodType::lastParameterType (25 bytes)
Event: 39.320 Thread 0x000001f6cec46f50 nmethod 19327 0x000001f6ba613c90 code [0x000001f6ba613e40, 0x000001f6ba613ff0]
Event: 39.321 Thread 0x000001f6cec424a0 

Event: 39.323 Thread 0x000001f6cec46f50 19329 %     1       com.android.tools.r8.internal.vd::a @ 83 (6886 bytes)
Event: 39.324 Thread 0x000001f6cec424a0 19330       4       com.android.tools.r8.internal.yG::c (32 bytes)
Event: 39.324 Thread 0x000001f6cec424a0 nmethod 19330 0x000001f6c241fb10 code [0x000001f6c241fca0, 0x000001f6c241fd30]
Event: 39.324 Thread 0x000001f6cec424a0 19331       4       com.android.tools.r8.internal.Yw$$Lambda/0x0000000101220260::accept (13 bytes)
Event: 39.326 Thread 0x000001f6cec424a0 nmethod 19331 0x000001f6c23f5c90 code [0x000001f6c23f5e40, 0x000001f6c23f6060]
Event: 39.336 Thread 0x000001f6cec46f50 nmethod 19329% 0x000001f6c2bf6390 code [0x000001f6c2bf70a0, 0x000001f6c2c007b8]

GC Heap History (20 events):
Event: 33.439 GC heap after
{Heap after GC invocations=52 (full 0):
 garbage-first heap   total 219136K, used 121336K [0x0000000080000000, 0x0000000100000000)
  region size 1024K, 2 young (2048K), 2 survivors (2048K)
 Metaspace       used 123565K, committed 125824K, reserved 1179648K
  class space    used 16613K, committed 17792K, reserved 1048576K
}
Event: 33.756 GC heap before
{Heap before GC invocations=53 (full 0):
 garbage-first heap   total 280576K, used 200184K [0x0000000080000000, 0x0000000100000000)
  region size 1024K, 80 young (81920K), 2 survivors (2048K)
 Metaspace       used 123581K, committed 125888K, reserved 1179648K
  class space    used 16613K, committed 17792K, reserved 1048576K
}
Event: 33.760 GC heap after
{Heap after GC invocations=54 (full 0):
 garbage-first heap   total 280576K, used 122102K [0x0000000080000000, 0x0000000100000000)
  region size 1024K, 3 young (3072K), 3 survivors (3072K)
 Metaspace       used 123581K, committed 125888K, reserved 1179648K
  class space    used 16613K, committed 17792K, reserved 1048576K
}
Event: 34.455 GC heap before
{Heap before GC invocations=54 (full 0):
 garbage-first heap   total 280576K, used 260342K [0x0000000080000000, 0x0000000100000000)
  region size 1024K, 139 young (142336K), 3 survivors (3072K)
 Metaspace       used 123601K, committed 125888K, reserved 1179648K
  class space    used 16613K, committed 17792K, reserved 1048576K
}
Event: 34.459 GC heap after
{Heap after GC invocations=55 (full 0):
 garbage-first heap   total 280576K, used 121950K [0x0000000080000000, 0x0000000100000000)
  region size 1024K, 4 young (4096K), 4 survivors (4096K)
 Metaspace       used 123601K, committed 125888K, reserved 1179648K
  class space    used 16613K, committed 17792K, reserved 1048576K
}
Event: 35.233 GC heap before
{Heap before GC invocations=55 (full 0):
 garbage-first heap   total 280576K, used 260190K [0x0000000080000000, 0x0000000100000000)
  region size 1024K, 139 young (142336K), 4 survivors (4096K)
 Metaspace       used 123763K, committed 126016K, reserved 1179648K
  class space    used 16626K, committed 17792K, reserved 1048576K
}
Event: 35.240 GC heap after
{Heap after GC invocations=56 (full 0):
 garbage-first heap   total 280576K, used 121936K [0x0000000080000000, 0x0000000100000000)
  region size 1024K, 6 young (6144K), 6 survivors (6144K)
 Metaspace       used 123763K, committed 126016K, reserved 1179648K
  class space    used 16626K, committed 17792K, reserved 1048576K
}
Event: 35.646 GC heap before
{Heap before GC invocations=56 (full 0):
 garbage-first heap   total 280576K, used 257104K [0x0000000080000000, 0x0000000100000000)
  region size 1024K, 139 young (142336K), 6 survivors (6144K)
 Metaspace       used 126218K, committed 128448K, reserved 1179648K
  class space    used 16962K, committed 18112K, reserved 1048576K
}
Event: 35.655 GC heap after
{Heap after GC invocations=57 (full 0):
 garbage-first heap   total 289792K, used 146553K [0x0000000080000000, 0x0000000100000000)
  region size 1024K, 18 young (18432K), 18 survivors (18432K)
 Metaspace       used 126218K, committed 128448K, reserved 1179648K
  class space    used 16962K, committed 18112K, reserved 1048576K
}
Event: 36.433 GC heap before
{Heap before GC invocations=58 (full 0):
 garbage-first heap   total 289792K, used 254073K [0x0000000080000000, 0x0000000100000000)
  region size 1024K, 124 young (126976K), 18 survivors (18432K)
 Metaspace       used 128998K, committed 131200K, reserved 1179648K
  class space    used 17331K, committed 18496K, reserved 1048576K
}
Event: 36.454 GC heap after
{Heap after GC invocations=59 (full 0):
 garbage-first heap   total 291840K, used 164352K [0x0000000080000000, 0x0000000100000000)
  region size 1024K, 16 young (16384K), 16 survivors (16384K)
 Metaspace       used 128998K, committed 131200K, reserved 1179648K
  class space    used 17331K, committed 18496K, reserved 1048576K
}
Event: 37.144 GC heap before
{Heap before GC invocations=59 (full 0):
 garbage-first heap   total 291840K, used 259584K [0x0000000080000000, 0x0000000100000000)
  region size 1024K, 109 young (111616K), 16 survivors (16384K)
 Metaspace       used 130113K, committed 132288K, reserved 1179648K
  class space    used 17502K, committed 18624K, reserved 1048576K
}
Event: 37.177 GC heap after
{Heap after GC invocations=60 (full 0):
 garbage-first heap   total 296960K, used 180224K [0x0000000080000000, 0x0000000100000000)
  region size 1024K, 14 young (14336K), 14 survivors (14336K)
 Metaspace       used 130113K, committed 132288K, reserved 1179648K
  class space    used 17502K, committed 18624K, reserved 1048576K
}
Event: 37.816 GC heap before
{Heap before GC invocations=60 (full 0):
 garbage-first heap   total 296960K, used 263168K [0x0000000080000000, 0x0000000100000000)
  region size 1024K, 96 young (98304K), 14 survivors (14336K)
 Metaspace       used 131469K, committed 133696K, reserved 1179648K
  class space    used 17690K, committed 18816K, reserved 1048576K
}
Event: 37.845 GC heap after
{Heap after GC invocations=61 (full 0):
 garbage-first heap   total 297984K, used 199680K [0x0000000080000000, 0x0000000100000000)
  region size 1024K, 12 young (12288K), 12 survivors (12288K)
 Metaspace       used 131469K, committed 133696K, reserved 1179648K
  class space    used 17690K, committed 18816K, reserved 1048576K
}
Event: 38.698 GC heap before
{Heap before GC invocations=62 (full 0):
 garbage-first heap   total 339968K, used 266240K [0x0000000080000000, 0x0000000100000000)
  region size 1024K, 77 young (78848K), 12 survivors (12288K)
 Metaspace       used 132678K, committed 134976K, reserved 1179648K
  class space    used 17796K, committed 18944K, reserved 1048576K
}
Event: 38.724 GC heap after
{Heap after GC invocations=63 (full 0):
 garbage-first heap   total 339968K, used 216064K [0x0000000080000000, 0x0000000100000000)
  region size 1024K, 10 young (10240K), 10 survivors (10240K)
 Metaspace       used 132678K, committed 134976K, reserved 1179648K
  class space    used 17796K, committed 18944K, reserved 1048576K
}
Event: 39.081 GC heap before
{Heap before GC invocations=63 (full 0):
 garbage-first heap   total 339968K, used 296960K [0x0000000080000000, 0x0000000100000000)
  region size 1024K, 89 young (91136K), 10 survivors (10240K)
 Metaspace       used 133631K, committed 135936K, reserved 1179648K
  class space    used 17978K, committed 19136K, reserved 1048576K
}
Event: 39.110 GC heap after
{Heap after GC invocations=64 (full 0):
 garbage-first heap   total 339968K, used 233472K [0x0000000080000000, 0x0000000100000000)
  region size 1024K, 12 young (12288K), 12 survivors (12288K)
 Metaspace       used 133631K, committed 135936K, reserved 1179648K
  class space    used 17978K, committed 19136K, reserved 1048576K
}
Event: 39.343 GC heap before
{Heap before GC invocations=64 (full 0):
 garbage-first heap   total 339968K, used 302080K [0x0000000080000000, 0x0000000100000000)
  region size 1024K, 79 young (80896K), 12 survivors (12288K)
 Metaspace       used 133917K, committed 136128K, reserved 1179648K
  class space    used 18016K, committed 19136K, reserved 1048576K
}

Dll operation events (3 events):
Event: 0.012 Loaded shared library C:\Program Files\Android\Android Studio\jbr\bin\java.dll
Event: 0.018 Loaded shared library C:\Program Files\Android\Android Studio\jbr\bin\zip.dll
Event: 0.565 Loaded shared library C:\Program Files\Android\Android Studio\jbr\bin\verify.dll

Deoptimization events (20 events):
Event: 39.174 Thread 0x000001f6d9bffb70 DEOPT PACKING pc=0x000001f6c26d1310 sp=0x00000075dd6f7bc0
Event: 39.174 Thread 0x000001f6d9bffb70 DEOPT UNPACKING pc=0x000001f6c1af46a2 sp=0x00000075dd6f7b50 mode 2
Event: 39.183 Thread 0x000001f6d9c00f20 DEOPT PACKING pc=0x000001f6bc34fc18 sp=0x00000075deefa3b0
Event: 39.184 Thread 0x000001f6d9c00f20 DEOPT UNPACKING pc=0x000001f6c1af4e42 sp=0x00000075deef9ad8 mode 0
Event: 39.194 Thread 0x000001f6d9c00f20 DEOPT PACKING pc=0x000001f6bc34e66b sp=0x00000075deefa3b0
Event: 39.194 Thread 0x000001f6d9c00f20 DEOPT UNPACKING pc=0x000001f6c1af4e42 sp=0x00000075deef9ad8 mode 0
Event: 39.195 Thread 0x000001f6d9c00f20 DEOPT PACKING pc=0x000001f6bc34e66b sp=0x00000075deefa3b0
Event: 39.195 Thread 0x000001f6d9c00f20 DEOPT UNPACKING pc=0x000001f6c1af4e42 sp=0x00000075deef9ad8 mode 0
Event: 39.215 Thread 0x000001f6d8ea7d60 DEOPT PACKING pc=0x000001f6bc34e66b sp=0x00000075df0fa940
Event: 39.215 Thread 0x000001f6d8ea7d60 DEOPT UNPACKING pc=0x000001f6c1af4e42 sp=0x00000075df0fa068 mode 0
Event: 39.288 Thread 0x000001f6d9bffb70 DEOPT PACKING pc=0x000001f6bc34fc18 sp=0x00000075dd6f7910
Event: 39.288 Thread 0x000001f6d9bffb70 DEOPT UNPACKING pc=0x000001f6c1af4e42 sp=0x00000075dd6f7038 mode 0
Event: 39.302 Thread 0x000001f6d8ea7d60 DEOPT PACKING pc=0x000001f6bc34e66b sp=0x00000075df0fabf0
Event: 39.302 Thread 0x000001f6d8ea7d60 DEOPT UNPACKING pc=0x000001f6c1af4e42 sp=0x00000075df0fa318 mode 0
Event: 39.306 Thread 0x000001f6d9c00f20 DEOPT PACKING pc=0x000001f6bc34e66b sp=0x00000075deefa660
Event: 39.306 Thread 0x000001f6d9c00f20 DEOPT UNPACKING pc=0x000001f6c1af4e42 sp=0x00000075deef9d88 mode 0
Event: 39.311 Thread 0x000001f6d8ea7d60 DEOPT PACKING pc=0x000001f6bc34fc18 sp=0x00000075df0fabf0
Event: 39.311 Thread 0x000001f6d8ea7d60 DEOPT UNPACKING pc=0x000001f6c1af4e42 sp=0x00000075df0fa318 mode 0
Event: 39.331 Thread 0x000001f6d9c00f20 DEOPT PACKING pc=0x000001f6bc34fc18 sp=0x00000075deefa7b0
Event: 39.331 Thread 0x000001f6d9c00f20 DEOPT UNPACKING pc=0x000001f6c1af4e42 sp=0x00000075deef9ed8 mode 0

Classes loaded (20 events):
Event: 32.582 Loading class java/util/TreeMap$NavigableSubMap$EntrySetView done
Event: 32.582 Loading class java/util/TreeMap$DescendingSubMap$DescendingEntrySetView done
Event: 32.583 Loading class java/util/TreeMap$NavigableSubMap$DescendingSubMapEntryIterator
Event: 32.583 Loading class java/util/TreeMap$NavigableSubMap$SubMapIterator
Event: 32.583 Loading class java/util/TreeMap$NavigableSubMap$SubMapIterator done
Event: 32.583 Loading class java/util/TreeMap$NavigableSubMap$DescendingSubMapEntryIterator done
Event: 32.589 Loading class com/sun/org/apache/xerces/internal/dom/DeepNodeListImpl
Event: 32.590 Loading class com/sun/org/apache/xerces/internal/dom/DeepNodeListImpl done
Event: 33.114 Loading class java/util/zip/ZipFile$EntrySpliterator
Event: 33.114 Loading class java/util/Spliterators$AbstractSpliterator
Event: 33.114 Loading class java/util/Spliterators$AbstractSpliterator done
Event: 33.114 Loading class java/util/zip/ZipFile$EntrySpliterator done
Event: 33.117 Loading class java/util/zip/ZipFile$ZipEntryIterator
Event: 33.117 Loading class java/util/zip/ZipFile$ZipEntryIterator done
Event: 33.119 Loading class java/io/PushbackInputStream
Event: 33.119 Loading class java/io/PushbackInputStream done
Event: 35.464 Loading class java/io/UTFDataFormatException
Event: 35.464 Loading class java/io/UTFDataFormatException done
Event: 35.579 Loading class java/util/concurrent/RejectedExecutionException
Event: 35.579 Loading class java/util/concurrent/RejectedExecutionException done

Classes unloaded (0 events):
No events

Classes redefined (0 events):
No events

Internal exceptions (20 events):
Event: 35.086 Thread 0x000001f6d65dfd40 Exception <a 'sun/nio/fs/WindowsException'{0x00000000895b8498}> (0x00000000895b8498) 
thrown [s\src\hotspot\share\prims\jni.cpp, line 535]
Event: 35.107 Thread 0x000001f6d65dfd40 Exception <a 'sun/nio/fs/WindowsException'{0x00000000892642c0}> (0x00000000892642c0) 
thrown [s\src\hotspot\share\prims\jni.cpp, line 535]
Event: 35.110 Thread 0x000001f6d65e03d0 Exception <a 'sun/nio/fs/WindowsException'{0x000000008910b260}> (0x000000008910b260) 
thrown [s\src\hotspot\share\prims\jni.cpp, line 535]
Event: 35.124 Thread 0x000001f6d65e0a60 Exception <a 'sun/nio/fs/WindowsException'{0x0000000089368a80}> (0x0000000089368a80) 
thrown [s\src\hotspot\share\prims\jni.cpp, line 535]
Event: 35.132 Thread 0x000001f6d9bfc060 Exception <a 'sun/nio/fs/WindowsException'{0x00000000893cb120}> (0x00000000893cb120) 
thrown [s\src\hotspot\share\prims\jni.cpp, line 535]
Event: 35.159 Thread 0x000001f6d65e03d0 Exception <a 'sun/nio/fs/WindowsException'{0x00000000891788b8}> (0x00000000891788b8) 
thrown [s\src\hotspot\share\prims\jni.cpp, line 535]
Event: 35.177 Thread 0x000001f6d9bfc060 Exception <a 'sun/nio/fs/WindowsException'{0x0000000088f8ced0}> (0x0000000088f8ced0) 
thrown [s\src\hotspot\share\prims\jni.cpp, line 535]
Event: 35.182 Thread 0x000001f6d65dfd40 Exception <a 'sun/nio/fs/WindowsException'{0x00000000890f6ec8}> (0x00000000890f6ec8) 
thrown [s\src\hotspot\share\prims\jni.cpp, line 535]
Event: 35.185 Thread 0x000001f6d65e0a60 Exception <a 'sun/nio/fs/WindowsException'{0x0000000088ee46a0}> (0x0000000088ee46a0) 
thrown [s\src\hotspot\share\prims\jni.cpp, line 535]
Event: 35.203 Thread 0x000001f6d65e03d0 Exception <a 'sun/nio/fs/WindowsException'{0x0000000088e67c78}> (0x0000000088e67c78) 
thrown [s\src\hotspot\share\prims\jni.cpp, line 535]
Event: 35.752 Thread 0x000001f6d8ea7d60 Exception <a 'java/lang/NoSuchMethodError'{0x0000000090358a58}: 'java.lang.Object java.lang.invoke.DirectMethodHandle$Holder.invokeStaticInit(java.lang.Object, java.lang.Object, java.lang.Object, java.lang.Object, java.lang.Object, java.lang.Object, java.lang.Object, java.lang.Object, java.lang.Object, java.lang.Object, java.lang.Object, java.lang.Object, java.lang.Object, java.lang.Object, java.lang.Object, java.lang.Object, java.lang.Object, java.lang.Object, java.lang.Object, java.lang.Object, int, java
Event: 35.790 Thread 0x000001f6d9c015b0 Exception <a 'java/lang/IncompatibleClassChangeError'{0x00000000905341e0}: Found class java.lang.Object, but interface was expected> (0x00000000905341e0) 
thrown [s\src\hotspot\share\interpreter\linkResolver.cpp, line 851]
Event: 36.795 Thread 0x000001f6d9c00f20 Exception <a 'java/lang/IncompatibleClassChangeError'{0x000000008cba5d68}: Found class java.lang.Object, but interface was expected> (0x000000008cba5d68) 
thrown [s\src\hotspot\share\interpreter\linkResolver.cpp, line 851]
Event: 36.942 Thread 0x000001f6d9c00f20 Implicit null exception at 0x000001f6c2692ed7 to 0x000001f6c26947f0
Event: 36.942 Thread 0x000001f6d9c00f20 Implicit null exception at 0x000001f6c279ffaa to 0x000001f6c27a00a4
Event: 36.942 Thread 0x000001f6d9c00f20 Implicit null exception at 0x000001f6c279ffaa to 0x000001f6c27a00a4
Event: 38.622 Thread 0x000001f6d8ea7d60 Implicit null exception at 0x000001f6c2788a11 to 0x000001f6c278f63c
Event: 38.846 Thread 0x000001f6d9c00f20 Exception <a 'java/lang/NoSuchMethodError'{0x0000000091d401c0}: 'java.lang.Object java.lang.invoke.DirectMethodHandle$Holder.invokeStatic(java.lang.Object, int, java.lang.Object, java.lang.Object)'> (0x0000000091d401c0) 
thrown [s\src\hotspot\share\interpreter\linkResolver.cpp, line 784]
Event: 38.847 Thread 0x000001f6d9c00f20 Exception <a 'java/lang/NoSuchMethodError'{0x0000000091d58448}: 'java.lang.Object java.lang.invoke.DirectMethodHandle$Holder.invokeStatic(java.lang.Object, java.lang.Object, int, java.lang.Object, java.lang.Object)'> (0x0000000091d58448) 
thrown [s\src\hotspot\share\interpreter\linkResolver.cpp, line 784]
Event: 39.320 Thread 0x000001f6d9c015b0 Exception <a 'java/lang/IncompatibleClassChangeError'{0x0000000090285ec0}: Found class java.lang.Object, but interface was expected> (0x0000000090285ec0) 
thrown [s\src\hotspot\share\interpreter\linkResolver.cpp, line 851]

ZGC Phase Switch (0 events):
No events

VM Operations (20 events):
Event: 38.454 Executing VM operation: HandshakeAllThreads (Deoptimize) done
Event: 38.454 Executing VM operation: G1PauseCleanup
Event: 38.454 Executing VM operation: G1PauseCleanup done
Event: 38.490 Executing VM operation: HandshakeAllThreads (Deoptimize)
Event: 38.592 Executing VM operation: HandshakeAllThreads (Deoptimize) done
Event: 38.684 Executing VM operation: G1CollectForAllocation (G1 Evacuation Pause)
Event: 38.734 Executing VM operation: G1CollectForAllocation (G1 Evacuation Pause) done
Event: 38.890 Executing VM operation: HandshakeAllThreads (Deoptimize)
Event: 38.929 Executing VM operation: HandshakeAllThreads (Deoptimize) done
Event: 38.932 Executing VM operation: HandshakeAllThreads (Deoptimize)
Event: 38.933 Executing VM operation: HandshakeAllThreads (Deoptimize) done
Event: 39.026 Executing VM operation: HandshakeAllThreads (Deoptimize)
Event: 39.081 Executing VM operation: HandshakeAllThreads (Deoptimize) done
Event: 39.081 Executing VM operation: G1CollectForAllocation (G1 Evacuation Pause)
Event: 39.118 Executing VM operation: G1CollectForAllocation (G1 Evacuation Pause) done
Event: 39.240 Executing VM operation: HandshakeAllThreads (Deoptimize)
Event: 39.313 Executing VM operation: HandshakeAllThreads (Deoptimize) done
Event: 39.322 Executing VM operation: HandshakeAllThreads (Deoptimize)
Event: 39.343 Executing VM operation: HandshakeAllThreads (Deoptimize) done
Event: 39.343 Executing VM operation: G1CollectForAllocation (G1 Evacuation Pause)

Events (20 events):
Event: 38.206 Thread 0x000001f6cea2e630 flushing nmethod 0x000001f6c205b410
Event: 38.206 Thread 0x000001f6cea2e630 flushing nmethod 0x000001f6c205aa90
Event: 38.206 Thread 0x000001f6cea2e630 flushing nmethod 0x000001f6c2059210
Event: 38.206 Thread 0x000001f6cea2e630 flushing nmethod 0x000001f6c2058f10
Event: 38.206 Thread 0x000001f6cea2e630 flushing nmethod 0x000001f6c2058090
Event: 38.206 Thread 0x000001f6cea2e630 flushing nmethod 0x000001f6c2056410
Event: 38.206 Thread 0x000001f6cea2e630 flushing nmethod 0x000001f6c2055110
Event: 38.206 Thread 0x000001f6cea2e630 flushing nmethod 0x000001f6c2053110
Event: 38.206 Thread 0x000001f6cea2e630 flushing nmethod 0x000001f6c2052910
Event: 38.206 Thread 0x000001f6cea2e630 flushing nmethod 0x000001f6c2050410
Event: 38.206 Thread 0x000001f6cea2e630 flushing nmethod 0x000001f6c204b390
Event: 38.206 Thread 0x000001f6cea2e630 flushing nmethod 0x000001f6c204fe10
Event: 38.206 Thread 0x000001f6cea2e630 flushing nmethod 0x000001f6c204ad90
Event: 38.206 Thread 0x000001f6cea2e630 flushing nmethod 0x000001f6c204dc90
Event: 38.206 Thread 0x000001f6cea2e630 flushing nmethod 0x000001f6c2049810
Event: 38.206 Thread 0x000001f6cea2e630 flushing nmethod 0x000001f6c2047e90
Event: 38.206 Thread 0x000001f6cea2e630 flushing nmethod 0x000001f6c2047890
Event: 38.206 Thread 0x000001f6cea2e630 flushing nmethod 0x000001f6c2047590
Event: 38.206 Thread 0x000001f6cea2e630 flushing nmethod 0x000001f6c2047290
Event: 38.206 Thread 0x000001f6cea2e630 flushing nmethod 0x000001f6c2040310


Dynamic libraries:
0x00007ff68b850000 - 0x00007ff68b85a000 	C:\Program Files\Android\Android Studio\jbr\bin\java.exe
0x00007fffb73d0000 - 0x00007fffb75e7000 	C:\Windows\SYSTEM32\ntdll.dll
0x00007fffb6230000 - 0x00007fffb62f4000 	C:\Windows\System32\KERNEL32.DLL
0x00007fffb4ad0000 - 0x00007fffb4e8a000 	C:\Windows\System32\KERNELBASE.dll
0x00007fffb46a0000 - 0x00007fffb47b1000 	C:\Windows\System32\ucrtbase.dll
0x00007fff71060000 - 0x00007fff7107b000 	C:\Program Files\Android\Android Studio\jbr\bin\VCRUNTIME140.dll
0x00007fffa54e0000 - 0x00007fffa54f8000 	C:\Program Files\Android\Android Studio\jbr\bin\jli.dll
0x00007fffb5ad0000 - 0x00007fffb5c7e000 	C:\Windows\System32\USER32.dll
0x00007fffb4ec0000 - 0x00007fffb4ee6000 	C:\Windows\System32\win32u.dll
0x00007fffb5190000 - 0x00007fffb51b9000 	C:\Windows\System32\GDI32.dll
0x00007fffb4fb0000 - 0x00007fffb50cb000 	C:\Windows\System32\gdi32full.dll
0x00007fffb49b0000 - 0x00007fffb4a4a000 	C:\Windows\System32\msvcp_win.dll
0x00007fffa1110000 - 0x00007fffa13a2000 	C:\Windows\WinSxS\amd64_microsoft.windows.common-controls_6595b64144ccf1df_6.0.22621.4541_none_2710d1c57384c085\COMCTL32.dll
0x00007fffb6300000 - 0x00007fffb63a7000 	C:\Windows\System32\msvcrt.dll
0x00007fffb5260000 - 0x00007fffb5291000 	C:\Windows\System32\IMM32.DLL
0x00007fff71050000 - 0x00007fff7105c000 	C:\Program Files\Android\Android Studio\jbr\bin\vcruntime140_1.dll
0x00007fff9da40000 - 0x00007fff9dacd000 	C:\Program Files\Android\Android Studio\jbr\bin\msvcp140.dll
0x00007fff71080000 - 0x00007fff71cfd000 	C:\Program Files\Android\Android Studio\jbr\bin\server\jvm.dll
0x00007fffb50d0000 - 0x00007fffb5182000 	C:\Windows\System32\ADVAPI32.dll
0x00007fffb6e00000 - 0x00007fffb6ea7000 	C:\Windows\System32\sechost.dll
0x00007fffb4e90000 - 0x00007fffb4eb8000 	C:\Windows\System32\bcrypt.dll
0x00007fffb70a0000 - 0x00007fffb71b4000 	C:\Windows\System32\RPCRT4.dll
0x00007fffb51d0000 - 0x00007fffb5241000 	C:\Windows\System32\WS2_32.dll
0x00007fffb3530000 - 0x00007fffb357d000 	C:\Windows\SYSTEM32\POWRPROF.dll
0x00007fffa9190000 - 0x00007fffa91c4000 	C:\Windows\SYSTEM32\WINMM.dll
0x00007fffac1f0000 - 0x00007fffac1fa000 	C:\Windows\SYSTEM32\VERSION.dll
0x00007fffb3510000 - 0x00007fffb3523000 	C:\Windows\SYSTEM32\UMPDC.dll
0x00007fffb37d0000 - 0x00007fffb37e8000 	C:\Windows\SYSTEM32\kernel.appcore.dll
0x00007fff71040000 - 0x00007fff7104a000 	C:\Program Files\Android\Android Studio\jbr\bin\jimage.dll
0x00007fffad5e0000 - 0x00007fffad812000 	C:\Windows\SYSTEM32\DBGHELP.DLL
0x00007fffb54d0000 - 0x00007fffb585f000 	C:\Windows\System32\combase.dll
0x00007fffb52a0000 - 0x00007fffb5377000 	C:\Windows\System32\OLEAUT32.dll
0x00007fffac200000 - 0x00007fffac232000 	C:\Windows\SYSTEM32\dbgcore.DLL
0x00007fffb4a50000 - 0x00007fffb4acb000 	C:\Windows\System32\bcryptPrimitives.dll
0x00007fffb0a30000 - 0x00007fffb0a3e000 	C:\Program Files\Android\Android Studio\jbr\bin\instrument.dll
0x00007fff71020000 - 0x00007fff7103f000 	C:\Program Files\Android\Android Studio\jbr\bin\java.dll
0x00007fff71000000 - 0x00007fff71018000 	C:\Program Files\Android\Android Studio\jbr\bin\zip.dll
0x00007fffb63d0000 - 0x00007fffb6c48000 	C:\Windows\System32\SHELL32.dll
0x00007fffb25f0000 - 0x00007fffb2ef8000 	C:\Windows\SYSTEM32\windows.storage.dll
0x00007fffb24b0000 - 0x00007fffb25ef000 	C:\Windows\SYSTEM32\wintypes.dll
0x00007fffb53d0000 - 0x00007fffb54ca000 	C:\Windows\System32\SHCORE.dll
0x00007fffb5c80000 - 0x00007fffb5cde000 	C:\Windows\System32\shlwapi.dll
0x00007fffb45d0000 - 0x00007fffb45fb000 	C:\Windows\SYSTEM32\profapi.dll
0x00007fff71e80000 - 0x00007fff71e90000 	C:\Program Files\Android\Android Studio\jbr\bin\net.dll
0x00007fffad3b0000 - 0x00007fffad4e6000 	C:\Windows\SYSTEM32\WINHTTP.dll
0x00007fffb3c50000 - 0x00007fffb3cb9000 	C:\Windows\system32\mswsock.dll
0x00007fff71e60000 - 0x00007fff71e76000 	C:\Program Files\Android\Android Studio\jbr\bin\nio.dll
0x00007fffb0990000 - 0x00007fffb09a0000 	C:\Program Files\Android\Android Studio\jbr\bin\verify.dll
0x00007fff086c0000 - 0x00007fff086e7000 	C:\Users\Batuhan\.gradle\native\c067742578af261105cb4f569cf0c3c89f3d7b1fecec35dd04571415982c5e48\windows-amd64\native-platform.dll
0x00007fff9d8f0000 - 0x00007fff9da34000 	C:\Users\Batuhan\.gradle\native\100fb08df4bc3b14c8652ba06237920a3bd2aa13389f12d3474272988ae205f9\windows-amd64\native-platform-file-events.dll
0x00007fffafdb0000 - 0x00007fffafdb9000 	C:\Program Files\Android\Android Studio\jbr\bin\management.dll
0x00007fffaafd0000 - 0x00007fffaafdb000 	C:\Program Files\Android\Android Studio\jbr\bin\management_ext.dll
0x00007fffb5250000 - 0x00007fffb5258000 	C:\Windows\System32\PSAPI.DLL
0x00007fffb3eb0000 - 0x00007fffb3ecb000 	C:\Windows\SYSTEM32\CRYPTSP.dll
0x00007fffb3730000 - 0x00007fffb3765000 	C:\Windows\system32\rsaenh.dll
0x00007fffb3d40000 - 0x00007fffb3d68000 	C:\Windows\SYSTEM32\USERENV.dll
0x00007fffb3ea0000 - 0x00007fffb3eac000 	C:\Windows\SYSTEM32\CRYPTBASE.dll
0x00007fffb31d0000 - 0x00007fffb31fd000 	C:\Windows\SYSTEM32\IPHLPAPI.DLL
0x00007fffb5900000 - 0x00007fffb5909000 	C:\Windows\System32\NSI.dll
0x00007fffafdc0000 - 0x00007fffafdc9000 	C:\Program Files\Android\Android Studio\jbr\bin\extnet.dll
0x00007fff71d50000 - 0x00007fff71d58000 	C:\Windows\system32\wshunix.dll
0x00007fff30b30000 - 0x00007fff30b47000 	C:\Windows\system32\napinsp.dll
0x00007fff2cfd0000 - 0x00007fff2cfeb000 	C:\Windows\system32\pnrpnsp.dll
0x00007fffb3240000 - 0x00007fffb3342000 	C:\Windows\SYSTEM32\DNSAPI.dll
0x00007fff2cfb0000 - 0x00007fff2cfc1000 	C:\Windows\System32\winrnr.dll
0x00007fffad5c0000 - 0x00007fffad5d5000 	C:\Windows\system32\wshbth.dll
0x00007fff8ca20000 - 0x00007fff8ca47000 	C:\Windows\system32\nlansp_c.dll
0x00007fffb08e0000 - 0x00007fffb08ea000 	C:\Windows\System32\rasadhlp.dll
0x00007fffac880000 - 0x00007fffac903000 	C:\Windows\System32\fwpuclnt.dll
0x00007fffb38e0000 - 0x00007fffb3914000 	C:\Windows\SYSTEM32\ntmarta.dll

dbghelp: loaded successfully - version: 4.0.5 - missing functions: none
symbol engine: initialized successfully - sym options: 0x614 - pdb path: .;C:\Program Files\Android\Android Studio\jbr\bin;C:\Windows\SYSTEM32;C:\Windows\WinSxS\amd64_microsoft.windows.common-controls_6595b64144ccf1df_6.0.22621.4541_none_2710d1c57384c085;C:\Program Files\Android\Android Studio\jbr\bin\server;C:\Users\Batuhan\.gradle\native\c067742578af261105cb4f569cf0c3c89f3d7b1fecec35dd04571415982c5e48\windows-amd64;C:\Users\Batuhan\.gradle\native\100fb08df4bc3b14c8652ba06237920a3bd2aa13389f12d3474272988ae205f9\windows-amd64

VM Arguments:
jvm_args: --add-opens=java.base/java.util=ALL-UNNAMED --add-opens=java.base/java.lang=ALL-UNNAMED --add-opens=java.base/java.lang.invoke=ALL-UNNAMED --add-opens=java.prefs/java.util.prefs=ALL-UNNAMED --add-exports=jdk.compiler/com.sun.tools.javac.api=ALL-UNNAMED --add-exports=jdk.compiler/com.sun.tools.javac.util=ALL-UNNAMED --add-opens=java.base/java.nio.charset=ALL-UNNAMED --add-opens=java.base/java.net=ALL-UNNAMED --add-opens=java.base/java.util.concurrent.atomic=ALL-UNNAMED -Xmx2048m -Dfile.encoding=UTF-8 -Duser.country=US -Duser.language=en -Duser.variant -javaagent:C:\Users\Batuhan\.gradle\wrapper\dists\gradle-8.9-bin\90cnw93cvbtalezasaz0blq0a\gradle-8.9\lib\agents\gradle-instrumentation-agent-8.9.jar 
java_command: org.gradle.launcher.daemon.bootstrap.GradleDaemon 8.9
java_class_path (initial): C:\Users\Batuhan\.gradle\wrapper\dists\gradle-8.9-bin\90cnw93cvbtalezasaz0blq0a\gradle-8.9\lib\gradle-daemon-main-8.9.jar
Launcher Type: SUN_STANDARD

[Global flags]
     intx CICompilerCount                          = 3                                         {product} {ergonomic}
     uint ConcGCThreads                            = 1                                         {product} {ergonomic}
     uint G1ConcRefinementThreads                  = 4                                         {product} {ergonomic}
   size_t G1HeapRegionSize                         = 1048576                                   {product} {ergonomic}
    uintx GCDrainStackTargetSize                   = 64                                        {product} {ergonomic}
   size_t InitialHeapSize                          = 268435456                                 {product} {ergonomic}
   size_t MarkStackSize                            = 4194304                                   {product} {ergonomic}
   size_t MaxHeapSize                              = 2147483648                                {product} {command line}
   size_t MaxNewSize                               = 1287651328                                {product} {ergonomic}
   size_t MinHeapDeltaBytes                        = 1048576                                   {product} {ergonomic}
   size_t MinHeapSize                              = 8388608                                   {product} {ergonomic}
    uintx NonNMethodCodeHeapSize                   = 5832780                                {pd product} {ergonomic}
    uintx NonProfiledCodeHeapSize                  = 122912730                              {pd product} {ergonomic}
    uintx ProfiledCodeHeapSize                     = 122912730                              {pd product} {ergonomic}
    uintx ReservedCodeCacheSize                    = 251658240                              {pd product} {ergonomic}
     bool SegmentedCodeCache                       = true                                      {product} {ergonomic}
   size_t SoftMaxHeapSize                          = 2147483648                             {manageable} {ergonomic}
     bool UseCompressedOops                        = true                           {product lp64_product} {ergonomic}
     bool UseG1GC                                  = true                                      {product} {ergonomic}
     bool UseLargePagesIndividualAllocation        = false                                  {pd product} {ergonomic}

Logging:
Log output configuration:
 #0: stdout all=warning uptime,level,tags foldmultilines=false
 #1: stderr all=off uptime,level,tags foldmultilines=false

Environment Variables:
PATH=C:\Program Files\Common Files\Oracle\Java\javapath;C:\Windows\system32;C:\Windows;C:\Windows\System32\Wbem;C:\Windows\System32\WindowsPowerShell\v1.0\;C:\Windows\System32\OpenSSH\;C:\Program Files\Git\cmd;C:\Program Files\nodejs\;C:\Program Files\dotnet\;C:\Program Files (x86)\Windows Kits\10\Windows Performance Toolkit\;C:\Users\Batuhan\AppData\Local\Microsoft\WindowsApps;C:\Users\Batuhan\AppData\Local\Programs\Microsoft VS Code\bin;C:\Users\Batuhan\AppData\Roaming\npm
USERNAME=Batuhan
OS=Windows_NT
PROCESSOR_IDENTIFIER=AMD64 Family 23 Model 8 Stepping 2, AuthenticAMD
TMP=C:\Users\Batuhan\AppData\Local\Temp
TEMP=C:\Users\Batuhan\AppData\Local\Temp




Periodic native trim disabled

JNI global refs:
JNI global refs: 26, weak refs: 0

JNI global refs memory usage: 835, weak refs: 833

Process memory usage:
Resident Set Size: 712028K (4% of 16699160K total physical memory with 1278936K free physical memory)

OOME stack traces (most recent first):
Classloader memory used:
Loader org.gradle.internal.classloader.VisitableURLClassLoader$InstrumentingVisitableURLClassLoader: 47339K
Loader org.gradle.internal.classloader.VisitableURLClassLoader                         : 42261K
Loader bootstrap                                                                       : 30947K
Loader org.gradle.initialization.MixInLegacyTypesClassLoader                           : 11961K
Loader jdk.internal.loader.ClassLoaders$PlatformClassLoader                            : 532K
Loader jdk.internal.reflect.DelegatingClassLoader                                      : 426K
Loader jdk.internal.loader.ClassLoaders$AppClassLoader                                 : 230K
Loader org.gradle.internal.classloader.VisitableURLClassLoader                         : 215K
Loader sun.reflect.misc.MethodUtil                                                     : 2960B

Classes loaded by more than one classloader:
Class Program                                                                         : loaded 5 times (x 69B)
Class Build_gradle                                                                    : loaded 3 times (x 127B)
Class Build_gradle$1                                                                  : loaded 3 times (x 71B)
Class com.google.common.collect.RegularImmutableMap$KeySet                            : loaded 2 times (x 147B)
Class org.gradle.internal.classloader.FilteringClassLoader                            : loaded 2 times (x 102B)
Class [Lcom.google.common.collect.MapMakerInternalMap$Segment;                        : loaded 2 times (x 66B)
Class com.google.common.io.FileWriteMode                                              : loaded 2 times (x 76B)
Class [Lcom.google.common.base.AbstractIterator$State;                                : loaded 2 times (x 66B)
Class com.google.common.base.CharMatcher$IsEither                                     : loaded 2 times (x 108B)
Class org.gradle.internal.classloader.ClassLoaderHierarchy                            : loaded 2 times (x 67B)
Class com.google.common.collect.AbstractMapBasedMultimap$WrappedCollection            : loaded 2 times (x 121B)
Class com.google.common.collect.ImmutableEnumSet                                      : loaded 2 times (x 143B)
Class com.google.common.util.concurrent.ExecutionError                                : loaded 2 times (x 79B)
Class com.google.common.collect.ImmutableList$1                                       : loaded 2 times (x 94B)
Class org.gradle.api.internal.classpath.ManifestUtil                                  : loaded 2 times (x 68B)
Class com.google.common.io.ByteArrayDataOutput                                        : loaded 2 times (x 67B)
Class com.google.common.collect.RegularImmutableMap                                   : loaded 2 times (x 118B)
Class com.google.common.collect.ImmutableMap$MapViewOfValuesAsSingletonSets           : loaded 2 times (x 122B)
Class com.google.common.collect.TransformedListIterator                               : loaded 2 times (x 90B)
Class com.google.common.reflect.TypeCapture                                           : loaded 2 times (x 68B)
Class [Lorg.objectweb.asm.Symbol;                                                     : loaded 2 times (x 66B)
Class org.objectweb.asm.ClassVisitor                                                  : loaded 2 times (x 85B)
Class com.google.common.collect.UnmodifiableListIterator                              : loaded 2 times (x 92B)
Class com.google.common.collect.MapMakerInternalMap$StrongKeyDummyValueEntry$LinkedStrongKeyDummyValueEntry: loaded 2 times (x 79B)
Class com.google.common.collect.MapMakerInternalMap$Strength                          : loaded 2 times (x 77B)
Class org.objectweb.asm.MethodTooLargeException                                       : loaded 2 times (x 80B)
Class [Lcom.google.common.cache.CacheBuilder$OneWeigher;                              : loaded 2 times (x 66B)
Class com.google.common.base.Suppliers                                                : loaded 2 times (x 68B)
Class com.google.common.base.Platform$JdkPatternCompiler                              : loaded 2 times (x 72B)
Class org.gradle.internal.classloader.DefaultClassLoaderFactory                       : loaded 2 times (x 79B)
Class com.google.common.base.CharMatcher$None                                         : loaded 2 times (x 109B)
Class org.gradle.internal.classloader.ClassLoaderVisitor                              : loaded 2 times (x 73B)
Class [Lcom.google.common.collect.ImmutableMapEntry;                                  : loaded 2 times (x 66B)
Class org.gradle.api.internal.classpath.EffectiveClassPath                            : loaded 2 times (x 87B)
Class com.google.common.collect.ImmutableRangeSet                                     : loaded 2 times (x 112B)
Class com.google.common.collect.ImmutableEnumMap                                      : loaded 2 times (x 122B)
Class com.google.common.collect.ListMultimap                                          : loaded 2 times (x 67B)
Class com.google.common.collect.Iterators$EmptyModifiableIterator                     : loaded 2 times (x 83B)
Class com.google.common.collect.Sets$1                                                : loaded 2 times (x 136B)
Class org.objectweb.asm.AnnotationVisitor                                             : loaded 2 times (x 75B)
Class com.google.common.base.Splitter                                                 : loaded 2 times (x 69B)
Class org.gradle.api.internal.DefaultClassPathProvider                                : loaded 2 times (x 73B)
Class com.google.common.collect.MapMakerInternalMap$Strength$1                        : loaded 2 times (x 77B)
Class com.google.common.collect.Maps$ViewCachingAbstractMap                           : loaded 2 times (x 122B)
Class com.google.common.collect.Sets$2                                                : loaded 2 times (x 136B)
Class [Lorg.gradle.api.internal.ClassPathProvider;                                    : loaded 2 times (x 66B)
Class org.gradle.api.internal.ClassPathProvider                                       : loaded 2 times (x 67B)
Class com.google.common.collect.MapMakerInternalMap$Strength$2                        : loaded 2 times (x 77B)
Class com.google.common.reflect.Types$ClassOwnership$1                                : loaded 2 times (x 77B)
Class [Lorg.objectweb.asm.AnnotationVisitor;                                          : loaded 2 times (x 66B)
Class com.google.common.collect.Sets$3                                                : loaded 2 times (x 136B)
Class com.google.common.util.concurrent.AbstractFuture$SafeAtomicHelper               : loaded 2 times (x 76B)
Class com.google.common.cache.LocalCache$LocalLoadingCache                            : loaded 2 times (x 131B)
Class com.google.common.base.AbstractIterator$State                                   : loaded 2 times (x 76B)
Class org.gradle.internal.service.UnknownServiceException                             : loaded 2 times (x 80B)
Class com.google.common.io.ByteArrayDataInput                                         : loaded 2 times (x 67B)
Class com.google.common.collect.MapMakerInternalMap$StrongValueEntry                  : loaded 2 times (x 67B)
Class com.google.common.reflect.Types$ClassOwnership$2                                : loaded 2 times (x 77B)
Class com.google.common.reflect.TypeResolver                                          : loaded 2 times (x 69B)
Class com.google.common.collect.Sets$4                                                : loaded 2 times (x 136B)
Class org.objectweb.asm.ModuleVisitor                                                 : loaded 2 times (x 78B)
Class com.google.common.cache.LocalCache$Strength$1                                   : loaded 2 times (x 78B)
Class com.google.common.reflect.Types$ClassOwnership$3                                : loaded 2 times (x 68B)
Class com.google.common.util.concurrent.SettableFuture                                : loaded 2 times (x 111B)
Class com.google.common.cache.LocalCache$Strength$2                                   : loaded 2 times (x 78B)
Class com.google.common.io.ByteStreams                                                : loaded 2 times (x 68B)
Class com.google.common.collect.Interners$InternerImpl                                : loaded 2 times (x 72B)
Class com.google.common.collect.Interner                                              : loaded 2 times (x 67B)
Class com.google.common.collect.TransformedIterator                                   : loaded 2 times (x 77B)
Class com.google.common.cache.LocalCache$Strength$3                                   : loaded 2 times (x 78B)
Class com.google.common.collect.MapDifference                                         : loaded 2 times (x 67B)
Class com.google.common.base.Splitter$1                                               : loaded 2 times (x 74B)
Class com.google.common.collect.MapMaker$Dummy                                        : loaded 2 times (x 76B)
Class com.google.common.reflect.Invokable                                             : loaded 2 times (x 100B)
Class org.objectweb.asm.FieldWriter                                                   : loaded 2 times (x 75B)
Class com.google.common.cache.CacheBuilder$NullListener                               : loaded 2 times (x 79B)
Class org.gradle.internal.classpath.TransformedClassPath                              : loaded 2 times (x 93B)
Class com.google.common.collect.ImmutableListMultimap                                 : loaded 2 times (x 173B)
Class com.google.common.reflect.Types$ParameterizedTypeImpl                           : loaded 2 times (x 78B)
Class com.google.common.collect.ImmutableRangeSet$AsSet                               : loaded 2 times (x 296B)
Class com.google.common.cache.CacheLoader$FunctionToCacheLoader                       : loaded 2 times (x 72B)
Class com.google.common.collect.Iterators$ArrayItr                                    : loaded 2 times (x 94B)
Class com.google.common.collect.ImmutableCollection$Builder                           : loaded 2 times (x 73B)
Class com.google.common.collect.EmptyImmutableListMultimap                            : loaded 2 times (x 173B)
Class com.google.common.collect.BaseImmutableMultimap                                 : loaded 2 times (x 120B)
Class com.google.common.reflect.TypeResolver$TypeVariableKey                          : loaded 2 times (x 69B)
Class com.google.common.base.Joiner                                                   : loaded 2 times (x 76B)
Class com.google.common.base.MoreObjects                                              : loaded 2 times (x 68B)
Class [Lorg.objectweb.asm.Type;                                                       : loaded 2 times (x 66B)
Class com.google.common.collect.Platform                                              : loaded 2 times (x 68B)
Class com.google.common.collect.UnmodifiableIterator                                  : loaded 2 times (x 77B)
Class org.gradle.internal.service.ServiceLocator                                      : loaded 2 times (x 67B)
Class com.google.common.base.Ascii                                                    : loaded 2 times (x 68B)
Class com.google.common.collect.SingletonImmutableBiMap                               : loaded 2 times (x 140B)
Class com.google.common.cache.LocalCache$1                                            : loaded 2 times (x 86B)
Class com.google.common.collect.AbstractMapEntry                                      : loaded 2 times (x 78B)
Class com.google.common.collect.MapMakerInternalMap$AbstractStrongKeyEntry            : loaded 2 times (x 77B)
Class com.google.common.reflect.TypeToken$SimpleTypeToken                             : loaded 2 times (x 70B)
Class com.google.common.collect.Sets$ImprovedAbstractSet                              : loaded 2 times (x 132B)
Class com.google.common.collect.ImmutableList$Builder                                 : loaded 2 times (x 74B)
Class com.google.common.cache.LocalCache$2                                            : loaded 2 times (x 139B)
Class com.google.common.collect.AbstractMultimap                                      : loaded 2 times (x 120B)
Class com.google.common.collect.ImmutableRangeSet$1                                   : loaded 2 times (x 206B)
Class com.google.common.util.concurrent.AbstractFuture$UnsafeAtomicHelper$1           : loaded 2 times (x 73B)
Class com.google.common.collect.RegularImmutableAsList                                : loaded 2 times (x 213B)
Class com.google.common.base.Optional                                                 : loaded 2 times (x 77B)
Class com.google.common.collect.Range                                                 : loaded 2 times (x 84B)
Class com.google.common.util.concurrent.AbstractFuture$Trusted                        : loaded 2 times (x 67B)
Class com.google.common.collect.Iterators                                             : loaded 2 times (x 68B)
Class com.google.common.base.CharMatcher$RangesMatcher                                : loaded 2 times (x 109B)
Class com.google.common.io.ByteSink$AsCharSink                                        : loaded 2 times (x 77B)
Class com.google.common.util.concurrent.UncheckedExecutionException                   : loaded 2 times (x 79B)
Class com.google.common.collect.Lists$StringAsImmutableList                           : loaded 2 times (x 204B)
Class org.gradle.kotlin.dsl.VersionCatalogAccessorsKt                                 : loaded 2 times (x 68B)
Class com.google.common.collect.ImmutableSortedSetFauxverideShim                      : loaded 2 times (x 144B)
Class com.google.common.base.CharMatcher$JavaLetterOrDigit                            : loaded 2 times (x 108B)
Class org.gradle.internal.InternalTransformer                                         : loaded 2 times (x 67B)
Class com.google.common.collect.AbstractMapBasedMultimap$KeySet$1                     : loaded 2 times (x 79B)
Class org.objectweb.asm.ClassWriter                                                   : loaded 2 times (x 103B)
Class com.google.common.cache.CacheLoader$UnsupportedLoadingOperationException        : loaded 2 times (x 79B)
Class com.google.common.base.CharMatcher$And                                          : loaded 2 times (x 109B)
Class org.gradle.internal.classloader.ClasspathUtil$1                                 : loaded 2 times (x 73B)
Class com.google.common.base.Objects                                                  : loaded 2 times (x 68B)
Class org.objectweb.asm.FieldVisitor                                                  : loaded 2 times (x 74B)
Class com.google.common.collect.IndexedImmutableSet                                   : loaded 2 times (x 147B)
Class com.google.common.collect.ImmutableMap$1                                        : loaded 2 times (x 78B)
Class com.google.common.collect.BiMap                                                 : loaded 2 times (x 67B)
Class org.gradle.api.internal.classpath.DefaultModuleRegistry$DefaultModule           : loaded 2 times (x 83B)
Class com.google.common.reflect.Reflection                                            : loaded 2 times (x 68B)
Class com.google.common.primitives.Ints                                               : loaded 2 times (x 68B)
Class com.google.common.base.Equivalence$Identity                                     : loaded 2 times (x 79B)
Class com.google.common.math.MathPreconditions                                        : loaded 2 times (x 68B)
Class com.google.common.collect.Multiset                                              : loaded 2 times (x 67B)
Class com.google.common.collect.ArrayListMultimapGwtSerializationDependencies         : loaded 2 times (x 169B)
Class com.google.common.collect.ObjectArrays                                          : loaded 2 times (x 68B)
Class com.google.common.collect.AbstractIndexedListIterator                           : loaded 2 times (x 93B)
Class com.google.common.collect.ImmutableMapEntrySet                                  : loaded 2 times (x 148B)
Class org.gradle.api.internal.classpath.Module                                        : loaded 2 times (x 67B)
Class com.google.common.cache.Weigher                                                 : loaded 2 times (x 67B)
Class org.gradle.api.internal.classpath.UnknownModuleException                        : loaded 2 times (x 79B)
Class com.google.common.base.Stopwatch                                                : loaded 2 times (x 69B)
Class com.google.common.cache.LocalCache$Strength                                     : loaded 2 times (x 78B)
Class com.google.common.cache.Cache                                                   : loaded 2 times (x 67B)
Class com.google.common.io.AppendableWriter                                           : loaded 2 times (x 97B)
Class com.google.common.io.Files$2                                                    : loaded 2 times (x 73B)
Class com.google.common.util.concurrent.AbstractFuture$Cancellation                   : loaded 2 times (x 69B)
Class com.google.common.collect.ImmutableMap$Builder                                  : loaded 2 times (x 79B)
Class com.google.common.base.NullnessCasts                                            : loaded 2 times (x 68B)
Class com.google.common.base.Present                                                  : loaded 2 times (x 78B)
Class com.google.common.collect.AbstractMapBasedMultimap$WrappedCollection$WrappedIterator: loaded 2 times (x 81B)
Class com.google.common.cache.RemovalListener                                         : loaded 2 times (x 67B)
Class org.gradle.api.internal.DefaultClassPathRegistry                                : loaded 2 times (x 73B)
Class com.google.common.collect.ImmutableMultimap$Keys                                : loaded 2 times (x 163B)
Class com.google.common.reflect.Invokable$ConstructorInvokable                        : loaded 2 times (x 104B)
Class com.google.common.primitives.IntsMethodsForWeb                                  : loaded 2 times (x 68B)
Class com.google.common.collect.Multimap                                              : loaded 2 times (x 67B)
Class org.gradle.api.internal.ClassPathRegistry                                       : loaded 2 times (x 67B)
Class org.gradle.internal.classpath.DefaultClassPath$ImmutableUniqueList              : loaded 2 times (x 196B)
Class com.google.common.collect.MapMakerInternalMap$Segment                           : loaded 2 times (x 139B)
Class com.google.common.reflect.TypeToken                                             : loaded 2 times (x 70B)
Class com.google.common.base.ExtraObjectsMethodsForWeb                                : loaded 2 times (x 68B)
Class com.google.common.base.PairwiseEquivalence                                      : loaded 2 times (x 80B)
Class com.google.common.io.ByteSink                                                   : loaded 2 times (x 73B)
Class com.google.common.cache.CacheBuilder                                            : loaded 2 times (x 69B)
Class com.google.common.collect.SingletonImmutableList                                : loaded 2 times (x 204B)
Class Settings_gradle$1                                                               : loaded 2 times (x 71B)
Class org.gradle.internal.classpath.ClassPath                                         : loaded 2 times (x 67B)
Class org.gradle.api.UncheckedIOException                                             : loaded 2 times (x 79B)
Class com.google.common.collect.Interners$InternerBuilder                             : loaded 2 times (x 73B)
Class com.google.common.io.Files$FileByteSource                                       : loaded 2 times (x 82B)
Class [Lcom.google.common.reflect.Types$JavaVersion;                                  : loaded 2 times (x 66B)
Class com.google.common.collect.ImmutableList$ReverseImmutableList                    : loaded 2 times (x 205B)
Class com.google.common.base.JdkPattern                                               : loaded 2 times (x 72B)
Class com.google.common.io.CharStreams$NullWriter                                     : loaded 2 times (x 96B)
Class org.objectweb.asm.SymbolTable$Entry                                             : loaded 2 times (x 71B)
Class com.google.common.util.concurrent.AbstractFuture$AtomicHelper                   : loaded 2 times (x 75B)
Class org.objectweb.asm.Edge                                                          : loaded 2 times (x 69B)
Class com.google.common.base.Suppliers$SupplierOfInstance                             : loaded 2 times (x 76B)
Class com.google.common.collect.Iterators$1                                           : loaded 2 times (x 78B)
Class com.google.common.reflect.TypeToken$1                                           : loaded 2 times (x 107B)
Class com.google.common.cache.LocalCache$ComputingValueReference                      : loaded 2 times (x 93B)
Class com.google.common.collect.SingletonImmutableSet                                 : loaded 2 times (x 143B)
Class com.google.common.collect.ImmutableMap$IteratorBasedImmutableMap                : loaded 2 times (x 122B)
Class com.google.common.reflect.TypeToken$2                                           : loaded 2 times (x 107B)
Class com.google.common.cache.LocalCache$Segment                                      : loaded 2 times (x 151B)
Class com.google.common.collect.SortedIterable                                        : loaded 2 times (x 67B)
Class [Lorg.objectweb.asm.SymbolTable$Entry;                                          : loaded 2 times (x 66B)
Class com.google.common.cache.CacheLoader                                             : loaded 2 times (x 71B)
Class com.google.common.collect.Iterators$4                                           : loaded 2 times (x 79B)
Class com.google.common.collect.ImmutableBiMap                                        : loaded 2 times (x 140B)
Class com.google.common.collect.AbstractListMultimap                                  : loaded 2 times (x 169B)
Class org.gradle.internal.installation.GradleInstallation$1                           : loaded 2 times (x 72B)
Class org.gradle.api.internal.classpath.ModuleRegistry                                : loaded 2 times (x 67B)
Class com.google.common.util.concurrent.internal.InternalFutureFailureAccess          : loaded 2 times (x 69B)
Class com.google.common.collect.Iterators$5                                           : loaded 2 times (x 79B)
Class com.google.common.collect.ImmutableSet$JdkBackedSetBuilderImpl                  : loaded 2 times (x 73B)
Class com.google.common.base.Splitter$SplittingIterator                               : loaded 2 times (x 81B)
Class com.google.common.collect.ImmutableMultimap$Values                              : loaded 2 times (x 123B)
Class com.google.common.io.Closer$SuppressingSuppressor                               : loaded 2 times (x 72B)
Class com.google.common.util.concurrent.AbstractFuture$UnsafeAtomicHelper             : loaded 2 times (x 75B)
Class com.google.common.cache.LocalCache$LocalManualCache$1                           : loaded 2 times (x 72B)
Class com.google.common.base.CharMatcher$ForPredicate                                 : loaded 2 times (x 109B)
Class com.google.common.collect.ImmutableCollection                                   : loaded 2 times (x 122B)
Class com.google.common.base.CharMatcher$AnyOf                                        : loaded 2 times (x 109B)
Class org.gradle.api.internal.classpath.DefaultModuleRegistry                         : loaded 2 times (x 80B)
Class com.google.common.util.concurrent.ListenableFuture                              : loaded 2 times (x 67B)
Class com.google.common.cache.ReferenceEntry                                          : loaded 2 times (x 67B)
Class com.google.common.collect.ImmutableSet$CachingAsList                            : loaded 2 times (x 144B)
Class com.google.common.base.Converter                                                : loaded 2 times (x 87B)
Class com.google.common.collect.Lists                                                 : loaded 2 times (x 68B)
Class com.google.common.base.CharMatcher$Any                                          : loaded 2 times (x 109B)
Class com.google.common.util.concurrent.AbstractFuture                                : loaded 2 times (x 103B)
Class com.google.common.base.FunctionalEquivalence                                    : loaded 2 times (x 80B)
Class com.google.common.collect.Iterators$9                                           : loaded 2 times (x 78B)
Class com.google.common.collect.AbstractMapBasedMultimap                              : loaded 2 times (x 136B)
Class com.google.common.collect.ImmutableAsList                                       : loaded 2 times (x 206B)
Class com.google.common.io.CharStreams                                                : loaded 2 times (x 68B)
Class com.google.common.collect.ImmutableMultiset                                     : loaded 2 times (x 160B)
Class com.google.common.reflect.TypeResolver$TypeTable                                : loaded 2 times (x 70B)
Class org.objectweb.asm.RecordComponentVisitor                                        : loaded 2 times (x 74B)
Class com.google.common.cache.CacheLoader$SupplierToCacheLoader                       : loaded 2 times (x 72B)
Class com.google.common.reflect.TypeResolver$TypeTable$1                              : loaded 2 times (x 70B)
Class com.google.common.collect.Maps$EntryTransformer                                 : loaded 2 times (x 67B)
Class org.gradle.internal.service.ServiceLookupException                              : loaded 2 times (x 79B)
Class com.google.common.collect.ImmutableSortedSet                                    : loaded 2 times (x 296B)
Class [Lcom.google.common.cache.LocalCache$EntryFactory;                              : loaded 2 times (x 66B)
Class com.google.common.base.CharMatcher$JavaLetter                                   : loaded 2 times (x 108B)
Class org.gradle.internal.classloader.ClassLoaderFactory                              : loaded 2 times (x 67B)
Class com.google.common.collect.ImmutableMap$SerializedForm                           : loaded 2 times (x 70B)
Class com.google.common.cache.LocalCache$LocalManualCache                             : loaded 2 times (x 96B)
Class com.google.common.base.CharMatcher$IsNot                                        : loaded 2 times (x 108B)
Class com.google.common.base.CommonPattern                                            : loaded 2 times (x 71B)
Class org.gradle.internal.service.CachingServiceLocator                               : loaded 2 times (x 79B)
Class com.google.common.collect.AbstractMapBasedMultimap$KeySet                       : loaded 2 times (x 134B)
Class com.google.common.collect.RegularImmutableSortedSet                             : loaded 2 times (x 296B)
Class com.google.common.math.IntMath                                                  : loaded 2 times (x 68B)
Class com.google.common.collect.MapMakerInternalMap$InternalEntry                     : loaded 2 times (x 67B)
Class com.google.common.reflect.Types$TypeVariableInvocationHandler                   : loaded 2 times (x 72B)
Class com.google.common.collect.Iterators$10                                          : loaded 2 times (x 78B)
Class com.google.common.collect.ImmutableMapEntry                                     : loaded 2 times (x 82B)
Class com.google.common.base.CharMatcher$JavaDigit                                    : loaded 2 times (x 108B)
Class com.google.common.collect.ImmutableMultimap                                     : loaded 2 times (x 144B)
Class com.google.common.base.Equivalence                                              : loaded 2 times (x 79B)
Class com.google.common.collect.ImmutableMapEntry$NonTerminalImmutableMapEntry        : loaded 2 times (x 82B)
Class com.google.common.base.Function                                                 : loaded 2 times (x 67B)
Class com.google.common.cache.CacheBuilder$OneWeigher                                 : loaded 2 times (x 79B)
Class com.google.common.collect.RegularImmutableList                                  : loaded 2 times (x 209B)
Class com.google.common.reflect.Types$ClassOwnership$1LocalClass                      : loaded 2 times (x 68B)
Class com.google.common.collect.ImmutableBiMapFauxverideShim                          : loaded 2 times (x 117B)
Class org.gradle.internal.classloader.ClasspathUtil                                   : loaded 2 times (x 68B)
Class com.google.common.base.Charsets                                                 : loaded 2 times (x 68B)
Class com.google.common.util.concurrent.Uninterruptibles                              : loaded 2 times (x 68B)
Class com.google.common.collect.Maps                                                  : loaded 2 times (x 68B)
Class com.google.common.base.CharMatcher$JavaUpperCase                                : loaded 2 times (x 108B)
Class org.gradle.api.specs.Spec                                                       : loaded 2 times (x 67B)
Class com.google.common.collect.MapMaker                                              : loaded 2 times (x 69B)
Class com.google.common.reflect.Types$JavaVersion                                     : loaded 2 times (x 80B)
Class [Lcom.google.common.collect.ImmutableEntry;                                     : loaded 2 times (x 66B)
Class com.google.common.cache.LocalCache$LoadingValueReference                        : loaded 2 times (x 93B)
Class com.google.common.collect.AbstractIterator                                      : loaded 2 times (x 79B)
Class com.google.common.io.LineReader$1                                               : loaded 2 times (x 72B)
Class com.google.common.collect.CollectSpliterators                                   : loaded 2 times (x 68B)
Class com.google.common.collect.AbstractMapBasedMultimap$AsMap                        : loaded 2 times (x 125B)
Class com.google.common.collect.MapMakerInternalMap$StrongKeyDummyValueEntry          : loaded 2 times (x 79B)
Class com.google.common.reflect.Invokable$MethodInvokable                             : loaded 2 times (x 104B)
Class com.google.common.base.Platform                                                 : loaded 2 times (x 68B)
Class com.google.common.collect.AbstractMapBasedMultimap$WrappedList                  : loaded 2 times (x 202B)
Class [Lorg.objectweb.asm.AnnotationWriter;                                           : loaded 2 times (x 66B)
Class com.google.common.primitives.Ints$IntConverter                                  : loaded 2 times (x 87B)
Class com.google.common.collect.Maps$8                                                : loaded 2 times (x 79B)
Class [Lcom.google.common.collect.Iterators$EmptyModifiableIterator;                  : loaded 2 times (x 66B)
Class com.google.common.collect.ImmutableRangeSet$Builder                             : loaded 2 times (x 74B)
Class com.google.common.collect.Sets$SetView                                          : loaded 2 times (x 135B)
Class com.google.common.cache.LocalCache$StrongValueReference                         : loaded 2 times (x 87B)
Class com.google.common.util.concurrent.AbstractFuture$SynchronizedHelper             : loaded 2 times (x 75B)
Class com.google.common.base.CharMatcher$Invisible                                    : loaded 2 times (x 109B)
Class com.google.common.graph.SuccessorsFunction                                      : loaded 2 times (x 67B)
Class org.objectweb.asm.Type                                                          : loaded 2 times (x 69B)
Class org.gradle.internal.classloader.VisitableURLClassLoader$InstrumentingVisitableURLClassLoader: loaded 2 times (x 120B)
Class com.google.common.collect.MapMakerInternalMap$StrongKeyDummyValueEntry$Helper   : loaded 2 times (x 76B)
Class com.google.common.io.Files$FileByteSink                                         : loaded 2 times (x 74B)
Class org.objectweb.asm.ByteVector                                                    : loaded 2 times (x 76B)
Class [Lcom.google.common.cache.CacheBuilder$NullListener;                            : loaded 2 times (x 66B)
Class com.google.common.math.IntMath$1                                                : loaded 2 times (x 68B)
Class org.gradle.internal.classloader.VisitableURLClassLoader$Spec                    : loaded 2 times (x 71B)
Class org.gradle.internal.classpath.DefaultClassPath                                  : loaded 2 times (x 87B)
Class com.google.common.reflect.Types$ClassOwnership                                  : loaded 2 times (x 77B)
Class org.objectweb.asm.Symbol                                                        : loaded 2 times (x 70B)
Class com.google.common.base.AbstractIterator                                         : loaded 2 times (x 77B)
Class com.google.common.io.Java8Compatibility                                         : loaded 2 times (x 68B)
Class com.google.common.io.Closer                                                     : loaded 2 times (x 75B)
Class com.google.common.collect.RegularImmutableMap$Values                            : loaded 2 times (x 204B)
Class com.google.common.collect.ImmutableSet                                          : loaded 2 times (x 142B)
Class com.google.common.base.CharMatcher$BitSetMatcher                                : loaded 2 times (x 109B)
Class com.google.common.base.CharMatcher$Ascii                                        : loaded 2 times (x 109B)
Class org.gradle.internal.classloader.ClassLoaderSpec                                 : loaded 2 times (x 68B)
Class org.objectweb.asm.AnnotationWriter                                              : loaded 2 times (x 76B)
Class com.google.common.cache.CacheStats                                              : loaded 2 times (x 68B)
Class com.google.common.collect.ImmutableMultisetGwtSerializationDependencies         : loaded 2 times (x 122B)
Class com.google.common.collect.Interners                                             : loaded 2 times (x 68B)
Class com.google.common.io.Closer$Suppressor                                          : loaded 2 times (x 67B)
Class com.google.common.io.LineProcessor                                              : loaded 2 times (x 67B)
Class org.objectweb.asm.RecordComponentWriter                                         : loaded 2 times (x 75B)
Class com.google.common.util.concurrent.AbstractFuture$Listener                       : loaded 2 times (x 69B)
Class com.google.common.base.CharMatcher$Or                                           : loaded 2 times (x 109B)
Class Settings_gradle$1$1                                                             : loaded 2 times (x 71B)
Class org.objectweb.asm.Attribute                                                     : loaded 2 times (x 74B)
Class com.google.common.base.Supplier                                                 : loaded 2 times (x 67B)
Class org.gradle.internal.classloader.VisitableURLClassLoader                         : loaded 2 times (x 114B)
Class com.google.common.util.concurrent.AbstractFuture$Waiter                         : loaded 2 times (x 69B)
Class Settings_gradle                                                                 : loaded 2 times (x 125B)
Class org.gradle.internal.Cast                                                        : loaded 2 times (x 68B)
Class org.gradle.api.Action                                                           : loaded 2 times (x 67B)
Class com.google.common.collect.MapMakerInternalMap                                   : loaded 2 times (x 158B)
Class com.google.common.collect.Sets                                                  : loaded 2 times (x 68B)
Class org.objectweb.asm.Handler                                                       : loaded 2 times (x 69B)
Class com.google.common.base.Ticker                                                   : loaded 2 times (x 69B)
Class com.google.common.base.Strings                                                  : loaded 2 times (x 68B)
Class com.google.common.base.CharMatcher$FastMatcher                                  : loaded 2 times (x 108B)
Class org.gradle.internal.agents.InstrumentingClassLoader                             : loaded 2 times (x 67B)
Class [Lcom.google.common.cache.LocalCache$Segment;                                   : loaded 2 times (x 66B)
Class [Lcom.google.common.cache.LocalCache$Strength;                                  : loaded 2 times (x 66B)
Class com.google.common.cache.CacheBuilder$1                                          : loaded 2 times (x 82B)
Class com.google.common.collect.ImmutableMap                                          : loaded 2 times (x 117B)
Class com.google.common.base.Predicate                                                : loaded 2 times (x 67B)
Class org.gradle.internal.classpath.DefaultClassPath$ImmutableUniqueList$Builder      : loaded 2 times (x 72B)
Class com.google.common.collect.MapMakerInternalMap$WeakValueReference                : loaded 2 times (x 67B)
Class com.google.common.collect.AbstractRangeSet                                      : loaded 2 times (x 111B)
Class com.google.common.cache.LocalCache                                              : loaded 2 times (x 184B)
Class com.google.common.cache.CacheBuilder$2                                          : loaded 2 times (x 69B)
Class com.google.common.base.CharMatcher$NegatedFastMatcher                           : loaded 2 times (x 110B)
Class [Lcom.google.common.collect.AbstractMapEntry;                                   : loaded 2 times (x 66B)
Class com.google.common.collect.ImmutableEntry                                        : loaded 2 times (x 79B)
Class com.google.common.collect.ArrayListMultimap                                     : loaded 2 times (x 169B)
Class com.google.common.base.AbstractIterator$1                                       : loaded 2 times (x 68B)
Class com.google.common.base.CharMatcher$Digit                                        : loaded 2 times (x 109B)
Class org.gradle.api.GradleException                                                  : loaded 2 times (x 79B)
Class com.google.common.base.Suppliers$MemoizingSupplier                              : loaded 2 times (x 76B)
Class com.google.common.collect.CollectPreconditions                                  : loaded 2 times (x 68B)
Class com.google.common.base.CharMatcher$JavaIsoControl                               : loaded 2 times (x 109B)
Class [Lcom.google.common.collect.MapMakerInternalMap$Strength;                       : loaded 2 times (x 66B)
Class [Lcom.google.common.io.FileWriteMode;                                           : loaded 2 times (x 66B)
Class com.google.common.collect.SortedMapDifference                                   : loaded 2 times (x 67B)
Class com.google.common.base.CharMatcher$JavaLowerCase                                : loaded 2 times (x 108B)
Class com.google.common.collect.MapMakerInternalMap$StrongKeyDummyValueSegment        : loaded 2 times (x 139B)
Class com.google.common.cache.LocalCache$WriteThroughEntry                            : loaded 2 times (x 76B)
Class com.google.common.cache.LocalCache$HashIterator                                 : loaded 2 times (x 83B)
Class com.google.common.io.Files                                                      : loaded 2 times (x 68B)
Class com.google.common.cache.LocalCache$EntryFactory                                 : loaded 2 times (x 80B)
Class [Lcom.google.common.collect.MapMaker$Dummy;                                     : loaded 2 times (x 66B)
Class com.google.common.reflect.Types$NativeTypeVariableEquals                        : loaded 2 times (x 68B)
Class com.google.common.reflect.TypeParameter                                         : loaded 2 times (x 69B)
Class com.google.common.cache.LocalCache$AbstractReferenceEntry                       : loaded 2 times (x 104B)
Class com.google.common.base.Splitter$1$1                                             : loaded 2 times (x 83B)
Class com.google.common.base.CharMatcher$Whitespace                                   : loaded 2 times (x 109B)
Class org.gradle.internal.IoActions                                                   : loaded 2 times (x 68B)
Class com.google.common.collect.ImmutableMapKeySet                                    : loaded 2 times (x 147B)
Class com.google.common.collect.ImmutableRangeSet$ComplementRanges                    : loaded 2 times (x 204B)
Class org.objectweb.asm.SymbolTable                                                   : loaded 2 times (x 69B)
Class com.google.common.cache.CacheLoader$InvalidCacheLoadException                   : loaded 2 times (x 79B)
Class com.google.common.collect.ImmutableSet$RegularSetBuilderImpl                    : loaded 2 times (x 74B)
Class com.google.common.base.CharMatcher$SingleWidth                                  : loaded 2 times (x 109B)
Class org.gradle.internal.classloader.SystemClassLoaderSpec                           : loaded 2 times (x 68B)
Class com.google.common.cache.LocalCache$StrongEntry                                  : loaded 2 times (x 105B)
Class com.google.common.util.concurrent.AbstractFuture$TrustedFuture                  : loaded 2 times (x 111B)
Class com.google.common.cache.LoadingCache                                            : loaded 2 times (x 67B)
Class com.google.common.io.ByteStreams$LimitedInputStream                             : loaded 2 times (x 89B)
Class com.google.common.base.Suppliers$NonSerializableMemoizingSupplier               : loaded 2 times (x 76B)
Class org.objectweb.asm.MethodWriter                                                  : loaded 2 times (x 103B)
Class [Lcom.google.common.cache.Weigher;                                              : loaded 2 times (x 66B)
Class com.google.common.collect.RegularImmutableMap$BucketOverflowException           : loaded 2 times (x 79B)
Class com.google.common.collect.ImmutableMultimap$1                                   : loaded 2 times (x 79B)
Class com.google.common.collect.AbstractMapBasedMultimap$RandomAccessWrappedList      : loaded 2 times (x 202B)
Class com.google.common.collect.ImmutableMultimap$2                                   : loaded 2 times (x 78B)
Class com.google.common.reflect.Types$JavaVersion$1                                   : loaded 2 times (x 80B)
Class com.google.common.collect.RegularImmutableBiMap                                 : loaded 2 times (x 145B)
Class com.google.common.cache.LocalCache$ValueReference                               : loaded 2 times (x 67B)
Class com.google.common.base.CharMatcher$Negated                                      : loaded 2 times (x 110B)
Class com.google.common.base.CharMatcher$Is                                           : loaded 2 times (x 108B)
Class com.google.common.reflect.Types$JavaVersion$2                                   : loaded 2 times (x 80B)
Class com.google.common.reflect.Types                                                 : loaded 2 times (x 68B)
Class com.google.common.util.concurrent.AbstractFuture$Failure                        : loaded 2 times (x 69B)
Class com.google.common.base.Equivalence$Equals                                       : loaded 2 times (x 79B)
Class com.google.common.collect.Hashing                                               : loaded 2 times (x 68B)
Class com.google.common.base.PatternCompiler                                          : loaded 2 times (x 67B)
Class com.google.common.base.Preconditions                                            : loaded 2 times (x 68B)
Class com.google.common.collect.ImmutableSetMultimap                                  : loaded 2 times (x 177B)
Class com.google.common.io.CharSink                                                   : loaded 2 times (x 76B)
Class com.google.common.reflect.Types$JavaVersion$3                                   : loaded 2 times (x 80B)
Class com.google.common.base.Joiner$1                                                 : loaded 2 times (x 77B)
Class org.objectweb.asm.Label                                                         : loaded 2 times (x 70B)
Class org.objectweb.asm.CurrentFrame                                                  : loaded 2 times (x 70B)
Class org.objectweb.asm.ClassTooLargeException                                        : loaded 2 times (x 80B)
Class com.google.common.collect.PeekingIterator                                       : loaded 2 times (x 67B)
Class com.google.common.base.CharMatcher                                              : loaded 2 times (x 108B)
Class com.google.common.collect.MapMakerInternalMap$InternalEntryHelper               : loaded 2 times (x 67B)
Class com.google.common.collect.Maps$IteratorBasedAbstractMap                         : loaded 2 times (x 122B)
Class com.google.common.collect.Table                                                 : loaded 2 times (x 67B)
Class com.google.common.reflect.Types$JavaVersion$4                                   : loaded 2 times (x 80B)
Class com.google.common.collect.RangeGwtSerializationDependencies                     : loaded 2 times (x 68B)
Class com.google.common.base.Joiner$2                                                 : loaded 2 times (x 76B)
Class org.objectweb.asm.Frame                                                         : loaded 2 times (x 70B)
Class org.objectweb.asm.MethodVisitor                                                 : loaded 2 times (x 102B)
Class com.google.common.cache.LocalCache$EntryFactory$1                               : loaded 2 times (x 80B)
Class [Lcom.google.common.cache.RemovalListener;                                      : loaded 2 times (x 66B)
Class com.google.common.base.CharMatcher$1                                            : loaded 2 times (x 110B)
Class com.google.common.base.CharMatcher$NamedFastMatcher                             : loaded 2 times (x 109B)
Class com.google.common.reflect.Types$JavaVersion$5                                   : loaded 2 times (x 68B)
Class [Lcom.google.common.reflect.Types$ClassOwnership;                               : loaded 2 times (x 66B)
Class com.google.common.collect.RangeSet                                              : loaded 2 times (x 67B)
Class com.google.common.cache.LocalCache$EntryFactory$2                               : loaded 2 times (x 80B)
Class com.google.common.collect.CollectCollectors                                     : loaded 2 times (x 68B)
Class org.objectweb.asm.ModuleWriter                                                  : loaded 2 times (x 79B)
Class com.google.common.cache.LocalCache$EntryFactory$3                               : loaded 2 times (x 80B)
Class com.google.common.base.Ticker$1                                                 : loaded 2 times (x 69B)
Class com.google.common.collect.ImmutableMapEntrySet$RegularEntrySet                  : loaded 2 times (x 148B)
Class com.google.common.collect.Maps$BiMapConverter                                   : loaded 2 times (x 87B)
Class com.google.common.collect.SetMultimap                                           : loaded 2 times (x 67B)
Class com.google.common.cache.LocalCache$EntryFactory$4                               : loaded 2 times (x 80B)
Class com.google.common.collect.ImmutableSet$Builder                                  : loaded 2 times (x 82B)
Class com.google.common.base.CharMatcher$InRange                                      : loaded 2 times (x 108B)
Class com.google.common.io.ByteStreams$1                                              : loaded 2 times (x 82B)
Class com.google.common.cache.LocalCache$EntryFactory$5                               : loaded 2 times (x 80B)
Class com.google.common.io.LineReader                                                 : loaded 2 times (x 69B)
Class com.google.common.cache.LocalCache$EntryFactory$6                               : loaded 2 times (x 80B)
Class org.gradle.internal.installation.CurrentGradleInstallationLocator               : loaded 2 times (x 68B)
Class com.google.common.collect.ImmutableMultimap$Builder                             : loaded 2 times (x 80B)
Class com.google.common.collect.Maps$KeySet                                           : loaded 2 times (x 134B)
Class com.google.common.cache.LocalCache$EntryFactory$7                               : loaded 2 times (x 80B)
Class com.google.common.collect.ImmutableSet$EmptySetBuilderImpl                      : loaded 2 times (x 73B)
Class com.google.common.collect.ImmutableList                                         : loaded 2 times (x 203B)
Class org.gradle.internal.service.DefaultServiceLocator                               : loaded 2 times (x 80B)
Class com.google.common.collect.ImmutableMultimap$EntryCollection                     : loaded 2 times (x 124B)
Class com.google.common.collect.Maps$EntrySet                                         : loaded 2 times (x 133B)
Class com.google.common.cache.LocalCache$EntryFactory$8                               : loaded 2 times (x 80B)
Class com.google.common.collect.ImmutableSet$SetBuilderImpl                           : loaded 2 times (x 73B)
Class org.gradle.internal.installation.CurrentGradleInstallation                      : loaded 2 times (x 70B)
Class com.google.common.cache.CacheLoader$1                                           : loaded 2 times (x 72B)
Class com.google.common.collect.ForwardingObject                                      : loaded 2 times (x 69B)
Class com.google.common.collect.ImmutableList$SubList                                 : loaded 2 times (x 205B)
Class org.gradle.util.internal.GUtil                                                  : loaded 2 times (x 68B)
Class com.google.common.io.ByteSource                                                 : loaded 2 times (x 81B)
Class com.google.common.util.concurrent.AbstractFuture$SetFuture                      : loaded 2 times (x 72B)
Class com.google.common.cache.AbstractCache$StatsCounter                              : loaded 2 times (x 67B)
Class com.google.common.io.LineBuffer                                                 : loaded 2 times (x 72B)
Class com.google.common.collect.MapMakerInternalMap$1                                 : loaded 2 times (x 80B)
Class com.google.common.reflect.Types$TypeVariableImpl                                : loaded 2 times (x 69B)
Class com.google.common.collect.Iterators$MergingIterator                             : loaded 2 times (x 78B)
Class com.google.common.collect.RegularImmutableSet                                   : loaded 2 times (x 145B)
Class org.gradle.internal.installation.GradleInstallation                             : loaded 2 times (x 72B)
Class com.google.common.collect.Iterables                                             : loaded 2 times (x 68B)
Class com.google.common.base.Splitter$Strategy                                        : loaded 2 times (x 67B)

---------------  S Y S T E M  ---------------

OS:
 Windows 11 , 64 bit Build 22621 (10.0.22621.4391)
OS uptime: 1 days 5:39 hours

CPU: total 4 (initial active 4) (4 cores per cpu, 1 threads per core) family 23 model 8 stepping 2 microcode 0x0, cx8, cmov, fxsr, mmx, 3dnowpref, sse, sse2, sse3, ssse3, sse4a, sse4.1, sse4.2, popcnt, lzcnt, tsc, tscinvbit, avx, avx2, aes, clmul, bmi1, bmi2, adx, sha, fma, vzeroupper, clflush, clflushopt, rdtscp, f16c
Processor Information for all 4 processors :
  Max Mhz: 3294, Current Mhz: 3294, Mhz Limit: 3294

Memory: 4k page, system-wide physical 16307M (1242M free)
TotalPageFile size 30499M (AvailPageFile size 155M)
current process WorkingSet (physical memory assigned to process): 695M, peak: 699M
current process commit charge ("private bytes"): 724M, peak: 892M

vm_info: OpenJDK 64-Bit Server VM (21.0.3+-12282718-b509.11) for windows-amd64 JRE (21.0.3+-12282718-b509.11), built on 2024-08-27T17:34:15Z by "builder" with MS VC++ 16.10 / 16.11 (VS2019)

END.
